{
  "last_node_id": 87,
  "last_link_id": 175,
  "nodes": [
    {
      "id": 50,
      "type": "Text box",
      "pos": [
        2147.0104092125025,
        25.619412823730507
      ],
      "size": {
        "0": 210,
        "1": 83.5162582397461
      },
      "flags": {},
      "order": 0,
      "mode": 0,
      "outputs": [
        {
          "name": "STRING",
          "type": "STRING",
          "links": null,
          "shape": 3
        }
      ],
      "title": "Face Detailer",
      "properties": {
        "Node name for S&R": "Text box"
      },
      "widgets_values": [
        "Connect these to enable the face masking and detailing."
      ],
      "color": "#222",
      "bgcolor": "#000"
    },
    {
      "id": 13,
      "type": "CheckpointLoaderSimple",
      "pos": [
        -138,
        -517
      ],
      "size": {
        "0": 315,
        "1": 98
      },
      "flags": {},
      "order": 1,
      "mode": 0,
      "outputs": [
        {
          "name": "MODEL",
          "type": "MODEL",
          "links": [
            107
          ],
          "slot_index": 0
        },
        {
          "name": "CLIP",
          "type": "CLIP",
          "links": [
            108
          ],
          "slot_index": 1
        },
        {
          "name": "VAE",
          "type": "VAE",
          "links": null
        }
      ],
      "properties": {
        "Node name for S&R": "CheckpointLoaderSimple"
      },
      "widgets_values": [
        "GTM_ForYou-Photo_v2_pruned.safetensors"
      ]
    },
    {
      "id": 14,
      "type": "CLIPTextEncode",
      "pos": [
        943,
        -480
      ],
      "size": {
        "0": 660,
        "1": 300
      },
      "flags": {
        "collapsed": true
      },
      "order": 18,
      "mode": 0,
      "inputs": [
        {
          "name": "clip",
          "type": "CLIP",
          "link": 74
        }
      ],
      "outputs": [
        {
          "name": "CONDITIONING",
          "type": "CONDITIONING",
          "links": [
            58
          ],
          "slot_index": 0
        }
      ],
      "properties": {
        "Node name for S&R": "CLIPTextEncode"
      },
      "widgets_values": [
        "featureless colourless (ugly old painting blur game pixelated distorted glitch abstract error:1.3), (childish infant, loli:1.2)"
      ],
      "color": "#322",
      "bgcolor": "#533"
    },
    {
      "id": 27,
      "type": "LatentUpscaleBy",
      "pos": [
        1058,
        -62
      ],
      "size": {
        "0": 325.412841796875,
        "1": 82
      },
      "flags": {},
      "order": 26,
      "mode": 0,
      "inputs": [
        {
          "name": "samples",
          "type": "LATENT",
          "link": 62,
          "slot_index": 0
        }
      ],
      "outputs": [
        {
          "name": "LATENT",
          "type": "LATENT",
          "links": [
            59
          ],
          "shape": 3,
          "slot_index": 0
        }
      ],
      "properties": {
        "Node name for S&R": "LatentUpscaleBy"
      },
      "widgets_values": [
        "nearest-exact",
        2
      ]
    },
    {
      "id": 15,
      "type": "CLIPTextEncode",
      "pos": [
        946,
        -529
      ],
      "size": {
        "0": 662.3788452148438,
        "1": 313.10162353515625
      },
      "flags": {
        "collapsed": true
      },
      "order": 19,
      "mode": 0,
      "inputs": [
        {
          "name": "clip",
          "type": "CLIP",
          "link": 75
        },
        {
          "name": "text",
          "type": "STRING",
          "link": 103,
          "widget": {
            "name": "text",
            "config": [
              "STRING",
              {
                "multiline": true
              }
            ]
          }
        }
      ],
      "outputs": [
        {
          "name": "CONDITIONING",
          "type": "CONDITIONING",
          "links": [
            57
          ],
          "slot_index": 0
        }
      ],
      "properties": {
        "Node name for S&R": "CLIPTextEncode"
      },
      "widgets_values": [
        "\n"
      ],
      "color": "#232",
      "bgcolor": "#353"
    },
    {
      "id": 68,
      "type": "LoadImage",
      "pos": [
        104,
        548
      ],
      "size": {
        "0": 342.0187072753906,
        "1": 345.03167724609375
      },
      "flags": {},
      "order": 2,
      "mode": 0,
      "outputs": [
        {
          "name": "IMAGE",
          "type": "IMAGE",
          "links": [],
          "shape": 3,
          "slot_index": 0
        },
        {
          "name": "MASK",
          "type": "MASK",
          "links": [],
          "shape": 3,
          "slot_index": 1
        }
      ],
      "properties": {
        "Node name for S&R": "LoadImage"
      },
      "widgets_values": [
        "face_fix_Siax_.png",
        "image"
      ]
    },
    {
      "id": 70,
      "type": "Reroute",
      "pos": [
        870,
        590
      ],
      "size": [
        75,
        26
      ],
      "flags": {},
      "order": 24,
      "mode": 0,
      "inputs": [
        {
          "name": "",
          "type": "*",
          "link": 119
        }
      ],
      "outputs": [
        {
          "name": "",
          "type": "CONDITIONING",
          "links": [],
          "slot_index": 0
        }
      ],
      "properties": {
        "showOutputText": false,
        "horizontal": false
      },
      "color": "#233",
      "bgcolor": "#355"
    },
    {
      "id": 72,
      "type": "Reroute",
      "pos": [
        991,
        560
      ],
      "size": [
        75,
        26
      ],
      "flags": {},
      "order": 23,
      "mode": 0,
      "inputs": [
        {
          "name": "",
          "type": "*",
          "link": 141,
          "slot_index": 0
        }
      ],
      "outputs": [
        {
          "name": "",
          "type": "CONDITIONING",
          "links": [],
          "slot_index": 0
        }
      ],
      "properties": {
        "showOutputText": false,
        "horizontal": false
      }
    },
    {
      "id": 64,
      "type": "ControlNetLoader",
      "pos": [
        112,
        980
      ],
      "size": {
        "0": 315,
        "1": 58
      },
      "flags": {},
      "order": 3,
      "mode": 0,
      "outputs": [
        {
          "name": "CONTROL_NET",
          "type": "CONTROL_NET",
          "links": [
            112
          ],
          "shape": 3,
          "slot_index": 0
        }
      ],
      "properties": {
        "Node name for S&R": "ControlNetLoader"
      },
      "widgets_values": [
        "control_openpose-fp16.safetensors"
      ]
    },
    {
      "id": 67,
      "type": "ControlNetApply",
      "pos": [
        465,
        970
      ],
      "size": {
        "0": 317.4000244140625,
        "1": 98
      },
      "flags": {},
      "order": 21,
      "mode": 0,
      "inputs": [
        {
          "name": "conditioning",
          "type": "CONDITIONING",
          "link": 122,
          "slot_index": 0
        },
        {
          "name": "control_net",
          "type": "CONTROL_NET",
          "link": 112
        },
        {
          "name": "image",
          "type": "IMAGE",
          "link": 131
        }
      ],
      "outputs": [
        {
          "name": "CONDITIONING",
          "type": "CONDITIONING",
          "links": [
            119
          ],
          "shape": 3,
          "slot_index": 0
        }
      ],
      "properties": {
        "Node name for S&R": "ControlNetApply"
      },
      "widgets_values": [
        0.8
      ]
    },
    {
      "id": 76,
      "type": "Nui.OpenPoseEditor",
      "pos": [
        465,
        558
      ],
      "size": {
        "0": 324,
        "1": 351
      },
      "flags": {},
      "order": 4,
      "mode": 0,
      "outputs": [
        {
          "name": "IMAGE",
          "type": "IMAGE",
          "links": [
            131
          ],
          "shape": 3,
          "slot_index": 0
        }
      ],
      "properties": {
        "Node name for S&R": "Nui.OpenPoseEditor",
        "savedPose": "{\n    \"width\": 560,\n    \"height\": 800,\n    \"keypoints\": [\n        [\n            [\n                263.9931003034113,\n                267.69039230897863\n            ],\n            [\n                267.0158910285432,\n                334.5559275556797\n            ],\n            [\n                186.21243208658885,\n                331.73308406457494\n            ],\n            [\n                176.59111041858174,\n                434.24078353564715\n            ],\n            [\n                270.51834015350033,\n                523.2292664320064\n            ],\n            [\n                353.1652979201905,\n                331.1185158598209\n            ],\n            [\n                385.6391851657553,\n                407.30050306558377\n            ],\n            [\n                283.3096574007063,\n                406.1020849411924\n            ],\n            [\n                239.9669443836236,\n                522.8043317643101\n            ],\n            [\n                196.92883155297108,\n                402.031113134086\n            ],\n            [\n                167.27340535507778,\n                626.1766239435639\n            ],\n            [\n                310.17504232538676,\n                520.9908560530308\n            ],\n            [\n                336.5272567484591,\n                392.07260571038626\n            ],\n            [\n                361.3662458068394,\n                626.0995488615373\n            ],\n            [\n                242.50538048557377,\n                214.96984967334478\n            ],\n            [\n                278.44542452487417,\n                216.79583604205055\n            ],\n            [\n                224.64443323699862,\n                243.53789345610855\n            ],\n            [\n                303.3286004043369,\n                259.8062011374357\n            ]\n        ]\n    ]\n}"
      },
      "widgets_values": [
        "ComfyUI_OpenPose_76.png",
        "{\n    \"width\": 560,\n    \"height\": 800,\n    \"keypoints\": [\n        [\n            [\n                263.9931003034113,\n                267.69039230897863\n            ],\n            [\n                267.0158910285432,\n                334.5559275556797\n            ],\n            [\n                186.21243208658885,\n                331.73308406457494\n            ],\n            [\n                176.59111041858174,\n                434.24078353564715\n            ],\n            [\n                270.51834015350033,\n                523.2292664320064\n            ],\n            [\n                353.1652979201905,\n                331.1185158598209\n            ],\n            [\n                385.6391851657553,\n                407.30050306558377\n            ],\n            [\n                283.3096574007063,\n                406.1020849411924\n            ],\n            [\n                239.9669443836236,\n                522.8043317643101\n            ],\n            [\n                196.92883155297108,\n                402.031113134086\n            ],\n            [\n                167.27340535507778,\n                626.1766239435639\n            ],\n            [\n                310.17504232538676,\n                520.9908560530308\n            ],\n            [\n                336.5272567484591,\n                392.07260571038626\n            ],\n            [\n                361.3662458068394,\n                626.0995488615373\n            ],\n            [\n                242.50538048557377,\n                214.96984967334478\n            ],\n            [\n                278.44542452487417,\n                216.79583604205055\n            ],\n            [\n                224.64443323699862,\n                243.53789345610855\n            ],\n            [\n                303.3286004043369,\n                259.8062011374357\n            ]\n        ]\n    ]\n}",
        "image"
      ]
    },
    {
      "id": 8,
      "type": "VAEDecode",
      "pos": [
        1201,
        113
      ],
      "size": {
        "0": 210,
        "1": 46
      },
      "flags": {},
      "order": 25,
      "mode": 0,
      "inputs": [
        {
          "name": "samples",
          "type": "LATENT",
          "link": 7
        },
        {
          "name": "vae",
          "type": "VAE",
          "link": 8
        }
      ],
      "outputs": [
        {
          "name": "IMAGE",
          "type": "IMAGE",
          "links": [
            139
          ],
          "slot_index": 0
        }
      ],
      "properties": {
        "Node name for S&R": "VAEDecode"
      }
    },
    {
      "id": 71,
      "type": "Reroute",
      "pos": [
        870,
        540
      ],
      "size": [
        75,
        26
      ],
      "flags": {},
      "order": 20,
      "mode": 0,
      "inputs": [
        {
          "name": "",
          "type": "*",
          "link": 120
        }
      ],
      "outputs": [
        {
          "name": "",
          "type": "CONDITIONING",
          "links": [
            141
          ],
          "slot_index": 0
        }
      ],
      "properties": {
        "showOutputText": false,
        "horizontal": false
      },
      "color": "#232",
      "bgcolor": "#353"
    },
    {
      "id": 55,
      "type": "CLIPTextEncode",
      "pos": [
        2521.8009023437503,
        -222.58785375976572
      ],
      "size": {
        "0": 210,
        "1": 54
      },
      "flags": {
        "collapsed": true
      },
      "order": 14,
      "mode": 0,
      "inputs": [
        {
          "name": "clip",
          "type": "CLIP",
          "link": 96,
          "slot_index": 0
        },
        {
          "name": "text",
          "type": "STRING",
          "link": 104,
          "widget": {
            "name": "text",
            "config": [
              "STRING",
              {
                "multiline": true
              }
            ]
          },
          "slot_index": 1
        }
      ],
      "outputs": [
        {
          "name": "CONDITIONING",
          "type": "CONDITIONING",
          "links": [
            146
          ],
          "shape": 3,
          "slot_index": 0
        }
      ],
      "properties": {
        "Node name for S&R": "CLIPTextEncode"
      },
      "widgets_values": [
        "NSFW, a full-body photo of naked __actress__ staring up at the sky"
      ],
      "color": "#232",
      "bgcolor": "#353"
    },
    {
      "id": 48,
      "type": "PreviewImage",
      "pos": [
        3308,
        -390
      ],
      "size": {
        "0": 1011.098388671875,
        "1": 989.6196899414062
      },
      "flags": {},
      "order": 37,
      "mode": 0,
      "inputs": [
        {
          "name": "images",
          "type": "IMAGE",
          "link": 153
        }
      ],
      "properties": {
        "Node name for S&R": "PreviewImage"
      }
    },
    {
      "id": 58,
      "type": "ImpactWildcardProcessor",
      "pos": [
        306,
        -338
      ],
      "size": {
        "0": 437.3445739746094,
        "1": 366.56610107421875
      },
      "flags": {},
      "order": 5,
      "mode": 0,
      "outputs": [
        {
          "name": "STRING",
          "type": "STRING",
          "links": [
            102,
            103,
            104
          ],
          "shape": 3,
          "slot_index": 0
        }
      ],
      "properties": {
        "Node name for S&R": "ImpactWildcardProcessor"
      },
      "widgets_values": [
        "a beautiful woman sitting outside a cafe in paris",
        "a beautiful woman sitting outside a cafe in paris",
        "Populate"
      ],
      "color": "#232",
      "bgcolor": "#353"
    },
    {
      "id": 7,
      "type": "CLIPTextEncode",
      "pos": [
        890,
        159
      ],
      "size": {
        "0": 510,
        "1": 190
      },
      "flags": {
        "collapsed": true
      },
      "order": 17,
      "mode": 0,
      "inputs": [
        {
          "name": "clip",
          "type": "CLIP",
          "link": 69
        }
      ],
      "outputs": [
        {
          "name": "CONDITIONING",
          "type": "CONDITIONING",
          "links": [
            128
          ],
          "slot_index": 0
        }
      ],
      "properties": {
        "Node name for S&R": "CLIPTextEncode"
      },
      "widgets_values": [
        "featureless, (painting blur game pixelated distorted glitch abstract error:1.1), ribs, ribcage, (childish infant, loli:1.2)"
      ],
      "color": "#322",
      "bgcolor": "#533"
    },
    {
      "id": 59,
      "type": "Image Save",
      "pos": [
        2993,
        -369
      ],
      "size": {
        "0": 387.2843322753906,
        "1": 346
      },
      "flags": {
        "collapsed": true
      },
      "order": 38,
      "mode": 0,
      "inputs": [
        {
          "name": "images",
          "type": "IMAGE",
          "link": 154
        }
      ],
      "properties": {
        "Node name for S&R": "Image Save"
      },
      "widgets_values": [
        "detailer",
        "detailer",
        "_",
        4,
        "true",
        "jpeg",
        100,
        "false",
        "false",
        "false",
        "true",
        "true",
        "false"
      ]
    },
    {
      "id": 80,
      "type": "Image Save",
      "pos": [
        1262,
        -356
      ],
      "size": {
        "0": 387.2843322753906,
        "1": 346
      },
      "flags": {
        "collapsed": true
      },
      "order": 32,
      "mode": 0,
      "inputs": [
        {
          "name": "images",
          "type": "IMAGE",
          "link": 156
        }
      ],
      "properties": {
        "Node name for S&R": "Image Save"
      },
      "widgets_values": [
        "detailer",
        "2nd-pass",
        "_",
        4,
        "true",
        "jpeg",
        100,
        "false",
        "false",
        "false",
        "true",
        "true",
        "false"
      ]
    },
    {
      "id": 37,
      "type": "LoraLoader",
      "pos": [
        542,
        -527
      ],
      "size": {
        "0": 315,
        "1": 126
      },
      "flags": {},
      "order": 15,
      "mode": 0,
      "inputs": [
        {
          "name": "model",
          "type": "MODEL",
          "link": 109
        },
        {
          "name": "clip",
          "type": "CLIP",
          "link": 110
        }
      ],
      "outputs": [
        {
          "name": "MODEL",
          "type": "MODEL",
          "links": [
            73
          ],
          "shape": 3,
          "slot_index": 0
        },
        {
          "name": "CLIP",
          "type": "CLIP",
          "links": [
            74,
            75
          ],
          "shape": 3,
          "slot_index": 1
        }
      ],
      "properties": {
        "Node name for S&R": "LoraLoader"
      },
      "widgets_values": [
        "add_detail.safetensors",
        0.3,
        1
      ],
      "color": "#223",
      "bgcolor": "#335"
    },
    {
      "id": 4,
      "type": "CheckpointLoaderSimple",
      "pos": [
        80,
        160
      ],
      "size": {
        "0": 315,
        "1": 98
      },
      "flags": {},
      "order": 6,
      "mode": 0,
      "outputs": [
        {
          "name": "MODEL",
          "type": "MODEL",
          "links": [
            65
          ],
          "slot_index": 0
        },
        {
          "name": "CLIP",
          "type": "CLIP",
          "links": [
            124
          ],
          "slot_index": 1
        },
        {
          "name": "VAE",
          "type": "VAE",
          "links": [
            8,
            31
          ],
          "slot_index": 2
        }
      ],
      "properties": {
        "Node name for S&R": "CheckpointLoaderSimple"
      },
      "widgets_values": [
        "GTM_SemiReal_EXPERIMENTAL_rev2.safetensors"
      ]
    },
    {
      "id": 36,
      "type": "LoraLoader",
      "pos": [
        450,
        240
      ],
      "size": {
        "0": 315,
        "1": 126
      },
      "flags": {},
      "order": 12,
      "mode": 0,
      "inputs": [
        {
          "name": "model",
          "type": "MODEL",
          "link": 65
        },
        {
          "name": "clip",
          "type": "CLIP",
          "link": 124
        }
      ],
      "outputs": [
        {
          "name": "MODEL",
          "type": "MODEL",
          "links": [
            162
          ],
          "shape": 3,
          "slot_index": 0
        },
        {
          "name": "CLIP",
          "type": "CLIP",
          "links": [
            68,
            69
          ],
          "shape": 3,
          "slot_index": 1
        }
      ],
      "properties": {
        "Node name for S&R": "LoraLoader"
      },
      "widgets_values": [
        "LowRa.safetensors",
        0.2,
        1
      ],
      "color": "#223",
      "bgcolor": "#335"
    },
    {
      "id": 6,
      "type": "CLIPTextEncode",
      "pos": [
        890,
        116
      ],
      "size": {
        "0": 510,
        "1": 220
      },
      "flags": {
        "collapsed": true
      },
      "order": 16,
      "mode": 0,
      "inputs": [
        {
          "name": "clip",
          "type": "CLIP",
          "link": 68
        },
        {
          "name": "text",
          "type": "STRING",
          "link": 102,
          "widget": {
            "name": "text",
            "config": [
              "STRING",
              {
                "multiline": true
              }
            ]
          }
        }
      ],
      "outputs": [
        {
          "name": "CONDITIONING",
          "type": "CONDITIONING",
          "links": [
            120,
            122,
            163
          ],
          "slot_index": 0
        }
      ],
      "properties": {
        "Node name for S&R": "CLIPTextEncode"
      },
      "widgets_values": [
        ""
      ],
      "color": "#232",
      "bgcolor": "#353"
    },
    {
      "id": 63,
      "type": "LoraLoader",
      "pos": [
        202,
        -528
      ],
      "size": {
        "0": 315,
        "1": 126
      },
      "flags": {},
      "order": 11,
      "mode": 0,
      "inputs": [
        {
          "name": "model",
          "type": "MODEL",
          "link": 107
        },
        {
          "name": "clip",
          "type": "CLIP",
          "link": 108
        }
      ],
      "outputs": [
        {
          "name": "MODEL",
          "type": "MODEL",
          "links": [
            109
          ],
          "shape": 3,
          "slot_index": 0
        },
        {
          "name": "CLIP",
          "type": "CLIP",
          "links": [
            110
          ],
          "shape": 3,
          "slot_index": 1
        }
      ],
      "properties": {
        "Node name for S&R": "LoraLoader"
      },
      "widgets_values": [
        "hipoly_v10.safetensors",
        0.5,
        1
      ],
      "color": "#223",
      "bgcolor": "#335"
    },
    {
      "id": 3,
      "type": "KSampler",
      "pos": [
        1145,
        347
      ],
      "size": {
        "0": 318.5013427734375,
        "1": 262
      },
      "flags": {},
      "order": 22,
      "mode": 0,
      "inputs": [
        {
          "name": "model",
          "type": "MODEL",
          "link": 162
        },
        {
          "name": "positive",
          "type": "CONDITIONING",
          "link": 163,
          "slot_index": 1
        },
        {
          "name": "negative",
          "type": "CONDITIONING",
          "link": 128,
          "slot_index": 2
        },
        {
          "name": "latent_image",
          "type": "LATENT",
          "link": 2
        }
      ],
      "outputs": [
        {
          "name": "LATENT",
          "type": "LATENT",
          "links": [
            7,
            62
          ],
          "slot_index": 0
        }
      ],
      "properties": {
        "Node name for S&R": "KSampler"
      },
      "widgets_values": [
        516113738673823,
        "increment",
        30,
        7,
        "dpmpp_2m_sde_gpu",
        "karras",
        1
      ]
    },
    {
      "id": 51,
      "type": "Reroute",
      "pos": [
        2157.010409212503,
        -54.380587176269024
      ],
      "size": [
        75,
        26
      ],
      "flags": {},
      "order": 30,
      "mode": 0,
      "inputs": [
        {
          "name": "",
          "type": "*",
          "link": 171,
          "slot_index": 0
        }
      ],
      "outputs": [
        {
          "name": "",
          "type": "LATENT",
          "links": [
            164
          ],
          "slot_index": 0
        }
      ],
      "properties": {
        "showOutputText": false,
        "horizontal": false
      },
      "color": "#322",
      "bgcolor": "#533"
    },
    {
      "id": 5,
      "type": "EmptyLatentImage",
      "pos": [
        80,
        320
      ],
      "size": {
        "0": 315,
        "1": 106
      },
      "flags": {},
      "order": 7,
      "mode": 0,
      "outputs": [
        {
          "name": "LATENT",
          "type": "LATENT",
          "links": [
            2
          ],
          "slot_index": 0
        }
      ],
      "properties": {
        "Node name for S&R": "EmptyLatentImage"
      },
      "widgets_values": [
        560,
        800,
        2
      ],
      "color": "#432",
      "bgcolor": "#653"
    },
    {
      "id": 33,
      "type": "PreviewImage",
      "pos": [
        1509,
        92
      ],
      "size": {
        "0": 583.3250122070312,
        "1": 557.6051025390625
      },
      "flags": {},
      "order": 27,
      "mode": 0,
      "inputs": [
        {
          "name": "images",
          "type": "IMAGE",
          "link": 139
        }
      ],
      "title": "First Pass",
      "properties": {
        "Node name for S&R": "PreviewImage"
      }
    },
    {
      "id": 34,
      "type": "PreviewImage",
      "pos": [
        1507,
        -574
      ],
      "size": {
        "0": 583.3250122070312,
        "1": 557.6051025390625
      },
      "flags": {
        "collapsed": false
      },
      "order": 31,
      "mode": 0,
      "inputs": [
        {
          "name": "images",
          "type": "IMAGE",
          "link": 135
        }
      ],
      "title": "Second Pass",
      "properties": {
        "Node name for S&R": "PreviewImage"
      }
    },
    {
      "id": 78,
      "type": "FaceDetailer",
      "pos": [
        2826,
        -285
      ],
      "size": {
        "0": 456,
        "1": 788
      },
      "flags": {},
      "order": 36,
      "mode": 0,
      "inputs": [
        {
          "name": "image",
          "type": "IMAGE",
          "link": 175
        },
        {
          "name": "model",
          "type": "MODEL",
          "link": 143
        },
        {
          "name": "clip",
          "type": "CLIP",
          "link": 144
        },
        {
          "name": "vae",
          "type": "VAE",
          "link": 145
        },
        {
          "name": "positive",
          "type": "CONDITIONING",
          "link": 146
        },
        {
          "name": "negative",
          "type": "CONDITIONING",
          "link": 147
        },
        {
          "name": "bbox_detector",
          "type": "BBOX_DETECTOR",
          "link": 150,
          "slot_index": 6
        },
        {
          "name": "sam_model_opt",
          "type": "SAM_MODEL",
          "link": 151
        },
        {
          "name": "segm_detector_opt",
          "type": "SEGM_DETECTOR",
          "link": null
        }
      ],
      "outputs": [
        {
          "name": "image",
          "type": "IMAGE",
          "links": [
            153,
            154
          ],
          "shape": 3,
          "slot_index": 0
        },
        {
          "name": "cropped_refined",
          "type": "IMAGE",
          "links": null,
          "shape": 6
        },
        {
          "name": "cropped_enhanced_alpha",
          "type": "IMAGE",
          "links": null,
          "shape": 6
        },
        {
          "name": "mask",
          "type": "MASK",
          "links": [
            152
          ],
          "shape": 3,
          "slot_index": 3
        },
        {
          "name": "detailer_pipe",
          "type": "DETAILER_PIPE",
          "links": null,
          "shape": 3
        }
      ],
      "properties": {
        "Node name for S&R": "FaceDetailer"
      },
      "widgets_values": [
        256,
        "bbox",
        768,
        21,
        "increment",
        20,
        8,
        "dpmpp_2m_sde_gpu",
        "karras",
        0.3,
        5,
        "enabled",
        "enabled",
        0.4,
        10,
        3,
        "center-1",
        0,
        0.6,
        0,
        0.4,
        "False",
        10,
        ""
      ]
    },
    {
      "id": 32,
      "type": "KSampler",
      "pos": [
        883,
        -411
      ],
      "size": {
        "0": 315,
        "1": 262
      },
      "flags": {},
      "order": 28,
      "mode": 0,
      "inputs": [
        {
          "name": "model",
          "type": "MODEL",
          "link": 73
        },
        {
          "name": "positive",
          "type": "CONDITIONING",
          "link": 57
        },
        {
          "name": "negative",
          "type": "CONDITIONING",
          "link": 58
        },
        {
          "name": "latent_image",
          "type": "LATENT",
          "link": 59
        }
      ],
      "outputs": [
        {
          "name": "LATENT",
          "type": "LATENT",
          "links": [
            167,
            171
          ],
          "shape": 3,
          "slot_index": 0
        }
      ],
      "properties": {
        "Node name for S&R": "KSampler"
      },
      "widgets_values": [
        267538596191197,
        "increment",
        25,
        5.5,
        "dpmpp_2m_sde_gpu",
        "karras",
        0.45
      ]
    },
    {
      "id": 42,
      "type": "Reroute",
      "pos": [
        2277.0104092125016,
        -54.380587176269024
      ],
      "size": [
        75,
        26
      ],
      "flags": {},
      "order": 33,
      "mode": 0,
      "inputs": [
        {
          "name": "",
          "type": "*",
          "link": 164
        }
      ],
      "outputs": [
        {
          "name": "",
          "type": "LATENT",
          "links": [
            172
          ],
          "slot_index": 0
        }
      ],
      "properties": {
        "showOutputText": false,
        "horizontal": false
      },
      "color": "#223",
      "bgcolor": "#335"
    },
    {
      "id": 11,
      "type": "VAEDecode",
      "pos": [
        1230,
        -521
      ],
      "size": {
        "0": 210,
        "1": 46
      },
      "flags": {},
      "order": 29,
      "mode": 0,
      "inputs": [
        {
          "name": "samples",
          "type": "LATENT",
          "link": 167
        },
        {
          "name": "vae",
          "type": "VAE",
          "link": 31
        }
      ],
      "outputs": [
        {
          "name": "IMAGE",
          "type": "IMAGE",
          "links": [
            135,
            156
          ],
          "slot_index": 0
        }
      ],
      "properties": {
        "Node name for S&R": "VAEDecode"
      }
    },
    {
      "id": 56,
      "type": "Checkpoint Loader (Simple)",
      "pos": [
        2465.8009023437503,
        -387.5878537597657
      ],
      "size": {
        "0": 315,
        "1": 118
      },
      "flags": {},
      "order": 8,
      "mode": 0,
      "outputs": [
        {
          "name": "MODEL",
          "type": "MODEL",
          "links": [
            143
          ],
          "shape": 3,
          "slot_index": 0
        },
        {
          "name": "CLIP",
          "type": "CLIP",
          "links": [
            93,
            96,
            144
          ],
          "shape": 3,
          "slot_index": 1
        },
        {
          "name": "VAE",
          "type": "VAE",
          "links": [
            145,
            174
          ],
          "shape": 3,
          "slot_index": 2
        },
        {
          "name": "NAME_STRING",
          "type": "STRING",
          "links": null,
          "shape": 3
        }
      ],
      "properties": {
        "Node name for S&R": "Checkpoint Loader (Simple)"
      },
      "widgets_values": [
        "GTM_ForYou-Photo_v2_pruned.safetensors"
      ]
    },
    {
      "id": 54,
      "type": "PreviewImage",
      "pos": [
        2468,
        346
      ],
      "size": {
        "0": 322.6470947265625,
        "1": 251.0089569091797
      },
      "flags": {},
      "order": 40,
      "mode": 0,
      "inputs": [
        {
          "name": "images",
          "type": "IMAGE",
          "link": 95
        }
      ],
      "properties": {
        "Node name for S&R": "PreviewImage"
      }
    },
    {
      "id": 53,
      "type": "MaskToImage",
      "pos": [
        2521,
        275
      ],
      "size": {
        "0": 210,
        "1": 26
      },
      "flags": {},
      "order": 39,
      "mode": 0,
      "inputs": [
        {
          "name": "mask",
          "type": "MASK",
          "link": 152
        }
      ],
      "outputs": [
        {
          "name": "IMAGE",
          "type": "IMAGE",
          "links": [
            95
          ],
          "shape": 3,
          "slot_index": 0
        }
      ],
      "properties": {
        "Node name for S&R": "MaskToImage"
      }
    },
    {
      "id": 52,
      "type": "CLIPTextEncode",
      "pos": [
        2531,
        -175
      ],
      "size": {
        "0": 383.0995788574219,
        "1": 88.64876556396484
      },
      "flags": {
        "collapsed": true
      },
      "order": 13,
      "mode": 0,
      "inputs": [
        {
          "name": "clip",
          "type": "CLIP",
          "link": 93,
          "slot_index": 0
        }
      ],
      "outputs": [
        {
          "name": "CONDITIONING",
          "type": "CONDITIONING",
          "links": [
            147
          ],
          "slot_index": 0
        }
      ],
      "title": "Face Prompt Negative",
      "properties": {
        "Node name for S&R": "CLIPTextEncode"
      },
      "widgets_values": [
        "featureless colourless (ugly old painting blur game pixelated distorted glitch abstract error:1.3)"
      ],
      "color": "#322",
      "bgcolor": "#533"
    },
    {
      "id": 57,
      "type": "UltralyticsDetectorProvider",
      "pos": [
        2464,
        -128
      ],
      "size": {
        "0": 315,
        "1": 78
      },
      "flags": {},
      "order": 9,
      "mode": 0,
      "outputs": [
        {
          "name": "BBOX_DETECTOR",
          "type": "BBOX_DETECTOR",
          "links": [
            150
          ],
          "shape": 3,
          "slot_index": 0
        },
        {
          "name": "SEGM_DETECTOR",
          "type": "SEGM_DETECTOR",
          "links": null,
          "shape": 3
        }
      ],
      "properties": {
        "Node name for S&R": "UltralyticsDetectorProvider"
      },
      "widgets_values": [
        "bbox/face_yolov8n_v2.pt"
      ]
    },
    {
      "id": 87,
      "type": "VAEDecode",
      "pos": [
        2549,
        73
      ],
      "size": {
        "0": 210,
        "1": 46
      },
      "flags": {
        "collapsed": true
      },
      "order": 35,
      "mode": 0,
      "inputs": [
        {
          "name": "samples",
          "type": "LATENT",
          "link": 173
        },
        {
          "name": "vae",
          "type": "VAE",
          "link": 174
        }
      ],
      "outputs": [
        {
          "name": "IMAGE",
          "type": "IMAGE",
          "links": [
            175
          ],
          "slot_index": 0
        }
      ],
      "properties": {
        "Node name for S&R": "VAEDecode"
      }
    },
    {
      "id": 86,
      "type": "RebatchLatents",
      "pos": [
        2541,
        15
      ],
      "size": {
        "0": 315,
        "1": 58
      },
      "flags": {
        "collapsed": true
      },
      "order": 34,
      "mode": 0,
      "inputs": [
        {
          "name": "latents",
          "type": "LATENT",
          "link": 172
        }
      ],
      "outputs": [
        {
          "name": "LATENT",
          "type": "LATENT",
          "links": [
            173
          ],
          "shape": 6,
          "slot_index": 0
        }
      ],
      "properties": {
        "Node name for S&R": "RebatchLatents"
      },
      "widgets_values": [
        1
      ]
    },
    {
      "id": 45,
      "type": "SAMLoader",
      "pos": [
        2465,
        135
      ],
      "size": {
        "0": 315,
        "1": 82
      },
      "flags": {},
      "order": 10,
      "mode": 0,
      "outputs": [
        {
          "name": "SAM_MODEL",
          "type": "SAM_MODEL",
          "links": [
            151
          ],
          "shape": 3,
          "slot_index": 0
        }
      ],
      "properties": {
        "Node name for S&R": "SAMLoader"
      },
      "widgets_values": [
        "sam_vit_b_01ec64.pth",
        "AUTO"
      ],
      "color": "#232",
      "bgcolor": "#353"
    }
  ],
  "links": [
    [
      2,
      5,
      0,
      3,
      3,
      "LATENT"
    ],
    [
      7,
      3,
      0,
      8,
      0,
      "LATENT"
    ],
    [
      8,
      4,
      2,
      8,
      1,
      "VAE"
    ],
    [
      31,
      4,
      2,
      11,
      1,
      "VAE"
    ],
    [
      57,
      15,
      0,
      32,
      1,
      "CONDITIONING"
    ],
    [
      58,
      14,
      0,
      32,
      2,
      "CONDITIONING"
    ],
    [
      59,
      27,
      0,
      32,
      3,
      "LATENT"
    ],
    [
      62,
      3,
      0,
      27,
      0,
      "LATENT"
    ],
    [
      65,
      4,
      0,
      36,
      0,
      "MODEL"
    ],
    [
      68,
      36,
      1,
      6,
      0,
      "CLIP"
    ],
    [
      69,
      36,
      1,
      7,
      0,
      "CLIP"
    ],
    [
      73,
      37,
      0,
      32,
      0,
      "MODEL"
    ],
    [
      74,
      37,
      1,
      14,
      0,
      "CLIP"
    ],
    [
      75,
      37,
      1,
      15,
      0,
      "CLIP"
    ],
    [
      93,
      56,
      1,
      52,
      0,
      "CLIP"
    ],
    [
      95,
      53,
      0,
      54,
      0,
      "IMAGE"
    ],
    [
      96,
      56,
      1,
      55,
      0,
      "CLIP"
    ],
    [
      102,
      58,
      0,
      6,
      1,
      "STRING"
    ],
    [
      103,
      58,
      0,
      15,
      1,
      "STRING"
    ],
    [
      104,
      58,
      0,
      55,
      1,
      "STRING"
    ],
    [
      107,
      13,
      0,
      63,
      0,
      "MODEL"
    ],
    [
      108,
      13,
      1,
      63,
      1,
      "CLIP"
    ],
    [
      109,
      63,
      0,
      37,
      0,
      "MODEL"
    ],
    [
      110,
      63,
      1,
      37,
      1,
      "CLIP"
    ],
    [
      112,
      64,
      0,
      67,
      1,
      "CONTROL_NET"
    ],
    [
      119,
      67,
      0,
      70,
      0,
      "*"
    ],
    [
      120,
      6,
      0,
      71,
      0,
      "*"
    ],
    [
      122,
      6,
      0,
      67,
      0,
      "CONDITIONING"
    ],
    [
      124,
      4,
      1,
      36,
      1,
      "CLIP"
    ],
    [
      128,
      7,
      0,
      3,
      2,
      "CONDITIONING"
    ],
    [
      131,
      76,
      0,
      67,
      2,
      "IMAGE"
    ],
    [
      135,
      11,
      0,
      34,
      0,
      "IMAGE"
    ],
    [
      139,
      8,
      0,
      33,
      0,
      "IMAGE"
    ],
    [
      141,
      71,
      0,
      72,
      0,
      "*"
    ],
    [
      143,
      56,
      0,
      78,
      1,
      "MODEL"
    ],
    [
      144,
      56,
      1,
      78,
      2,
      "CLIP"
    ],
    [
      145,
      56,
      2,
      78,
      3,
      "VAE"
    ],
    [
      146,
      55,
      0,
      78,
      4,
      "CONDITIONING"
    ],
    [
      147,
      52,
      0,
      78,
      5,
      "CONDITIONING"
    ],
    [
      150,
      57,
      0,
      78,
      6,
      "BBOX_DETECTOR"
    ],
    [
      151,
      45,
      0,
      78,
      7,
      "SAM_MODEL"
    ],
    [
      152,
      78,
      3,
      53,
      0,
      "MASK"
    ],
    [
      153,
      78,
      0,
      48,
      0,
      "IMAGE"
    ],
    [
      154,
      78,
      0,
      59,
      0,
      "IMAGE"
    ],
    [
      156,
      11,
      0,
      80,
      0,
      "IMAGE"
    ],
    [
      162,
      36,
      0,
      3,
      0,
      "MODEL"
    ],
    [
      163,
      6,
      0,
      3,
      1,
      "CONDITIONING"
    ],
    [
      164,
      51,
      0,
      42,
      0,
      "*"
    ],
    [
      167,
      32,
      0,
      11,
      0,
      "LATENT"
    ],
    [
      171,
      32,
      0,
      51,
      0,
      "*"
    ],
    [
      172,
      42,
      0,
      86,
      0,
      "LATENT"
    ],
    [
      173,
      86,
      0,
      87,
      0,
      "LATENT"
    ],
    [
      174,
      56,
      2,
      87,
      1,
      "VAE"
    ],
    [
      175,
      87,
      0,
      78,
      0,
      "IMAGE"
    ]
  ],
  "groups": [
    {
      "title": "Face Detailer",
      "bounding": [
        2438,
        -473,
        1900,
        1096
      ],
      "color": "#3f789e",
      "locked": false
    },
    {
      "title": "Switch",
      "bounding": [
        2128,
        -122,
        250,
        254
      ],
      "color": "#8AA",
      "locked": false
    },
    {
      "title": "Controlnet",
      "bounding": [
        86,
        463,
        730,
        627
      ],
      "color": "#3f789e",
      "locked": false
    },
    {
      "title": "ControlNet Switch",
      "bounding": [
        847,
        464,
        237,
        189
      ],
      "color": "#3f789e",
      "locked": false
    }
  ],
  "config": {},
  "extra": {},
  "version": 0.4
}