{"last_node_id": 174, "last_link_id": 434, "nodes": [{"id": 78, "type": "Text box", "pos": [2003.5518555546882, 950.5962916328141], "size": {"0": 210, "1": 83.5162582397461}, "flags": {}, "order": 0, "mode": 0, "outputs": [{"name": "STRING", "type": "STRING", "links": null, "shape": 3}], "title": "Face Detailer", "properties": {"Node name for S&R": "Text box"}, "widgets_values": ["Connect these to enable the face masking and detailing."], "color": "#222", "bgcolor": "#000"}, {"id": 39, "type": "UpscaleModelLoader", "pos": [1459.56926796875, 398.7180011596681], "size": {"0": 315, "1": 58}, "flags": {}, "order": 1, "mode": 0, "outputs": [{"name": "UPSCALE_MODEL", "type": "UPSCALE_MODEL", "links": [71], "shape": 3, "slot_index": 0}], "properties": {"Node name for S&R": "UpscaleModelLoader"}, "widgets_values": ["4x_NMKD-Siax_200k.pth"]}, {"id": 142, "type": "SAMLoader", "pos": [2470, 620], "size": {"0": 315, "1": 82}, "flags": {}, "order": 2, "mode": 0, "outputs": [{"name": "SAM_MODEL", "type": "SAM_MODEL", "links": [356], "shape": 3, "slot_index": 0}], "properties": {"Node name for S&R": "SAMLoader"}, "widgets_values": ["sam_vit_b_01ec64.pth", "AUTO"], "color": "#232", "bgcolor": "#353"}, {"id": 145, "type": "MaskToImage", "pos": [2520, 760], "size": {"0": 210, "1": 26}, "flags": {}, "order": 29, "mode": 0, "inputs": [{"name": "mask", "type": "MASK", "link": 346}], "outputs": [{"name": "IMAGE", "type": "IMAGE", "links": [347], "shape": 3, "slot_index": 0}], "properties": {"Node name for S&R": "MaskToImage"}}, {"id": 146, "type": "PreviewImage", "pos": [2470, 850], "size": {"0": 322.6470947265625, "1": 251.0089569091797}, "flags": {}, "order": 31, "mode": 0, "inputs": [{"name": "images", "type": "IMAGE", "link": 347}], "properties": {"Node name for S&R": "PreviewImage"}}, {"id": 149, "type": "UltralyticsDetectorProvider", "pos": [2470, 480], "size": {"0": 315, "1": 78}, "flags": {}, "order": 3, "mode": 0, "outputs": [{"name": "BBOX_DETECTOR", "type": "BBOX_DETECTOR", "links": [355], "shape": 3, "slot_index": 0}, {"name": "SEGM_DETECTOR", "type": "SEGM_DETECTOR", "links": null, "shape": 3}], "properties": {"Node name for S&R": "UltralyticsDetectorProvider"}, "widgets_values": ["bbox/face_yolov8n_v2.pt"]}, {"id": 58, "type": "Reroute", "pos": [2129.56593563281, 871.738031378908], "size": [75, 26], "flags": {}, "order": 4, "mode": 0, "inputs": [{"name": "", "type": "*", "link": null}], "outputs": [{"name": "", "type": "*", "links": [357], "slot_index": 0}], "properties": {"showOutputText": false, "horizontal": false}, "color": "#223", "bgcolor": "#335"}, {"id": 57, "type": "PreviewImage", "pos": [1840, 82], "size": {"0": 575.473876953125, "1": 641.4998168945312}, "flags": {}, "order": 38, "mode": 0, "inputs": [{"name": "images", "type": "IMAGE", "link": 339, "slot_index": 0}], "title": "Upscaled Image", "properties": {"Node name for S&R": "PreviewImage"}}, {"id": 150, "type": "Image Save", "pos": [3000, 210], "size": {"0": 387.2843322753906, "1": 346}, "flags": {"collapsed": true}, "order": 28, "mode": 0, "inputs": [{"name": "images", "type": "IMAGE", "link": 349}], "properties": {"Node name for S&R": "Image Save"}, "widgets_values": ["detailer", "detailer", "_", 4, "true", "jpeg", 100, "false", "false", "false", "true", "true", "false"]}, {"id": 143, "type": "PreviewImage", "pos": [3328, 277], "size": {"0": 785.1624755859375, "1": 802.5396118164062}, "flags": {}, "order": 27, "mode": 0, "inputs": [{"name": "images", "type": "IMAGE", "link": 344}], "title": "Final Image", "properties": {"Node name for S&R": "PreviewImage"}}, {"id": 148, "type": "Checkpoint Loader (Simple)", "pos": [2470, 190], "size": {"0": 315, "1": 118}, "flags": {}, "order": 5, "mode": 0, "outputs": [{"name": "MODEL", "type": "MODEL", "links": [350], "shape": 3, "slot_index": 0}, {"name": "CLIP", "type": "CLIP", "links": [345, 348, 351], "shape": 3, "slot_index": 1}, {"name": "VAE", "type": "VAE", "links": [352], "shape": 3, "slot_index": 2}, {"name": "NAME_STRING", "type": "STRING", "links": null, "shape": 3}], "properties": {"Node name for S&R": "Checkpoint Loader (Simple)"}, "widgets_values": ["GTM_ForYou-Photo_v2_pruned.safetensors"]}, {"id": 159, "type": "Image Save", "pos": [1656, 1156], "size": {"0": 387.2843322753906, "1": 346}, "flags": {"collapsed": true}, "order": 39, "mode": 0, "inputs": [{"name": "images", "type": "IMAGE", "link": 375}], "properties": {"Node name for S&R": "Image Save"}, "widgets_values": ["UpScaled", "SDXL_Upscaled", "_", 4, "true", "jpeg", 100, "false", "false", "false", "true", "true", "false"]}, {"id": 170, "type": "Get latent size", "pos": [1459, 1157], "size": {"0": 315, "1": 98}, "flags": {"collapsed": true}, "order": 17, "mode": 0, "inputs": [{"name": "latent", "type": "LATENT", "link": 401, "slot_index": 0}], "outputs": [{"name": "INT", "type": "INT", "links": [402], "shape": 3}, {"name": "INT", "type": "INT", "links": [403], "shape": 3}, {"name": "TUPLE", "type": "TUPLE", "links": null, "shape": 3}], "properties": {"Node name for S&R": "Get latent size"}, "widgets_values": [false]}, {"id": 14, "type": "CheckpointLoaderSimple", "pos": [1449.913473687498, 133.17487949072262], "size": {"0": 339.733642578125, "1": 100.60211944580078}, "flags": {}, "order": 6, "mode": 0, "outputs": [{"name": "MODEL", "type": "MODEL", "links": [68], "shape": 3}, {"name": "CLIP", "type": "CLIP", "links": [19, 20], "shape": 3, "slot_index": 1}, {"name": "VAE", "type": "VAE", "links": [67], "shape": 3, "slot_index": 2}], "properties": {"Node name for S&R": "CheckpointLoaderSimple"}, "widgets_values": ["GTM_ForYou-Photo_v2.safetensors"], "color": "#222", "bgcolor": "#000"}, {"id": 32, "type": "PrimitiveNode", "pos": [365.67999633789054, 178.12001663208014], "size": {"0": 210, "1": 82}, "flags": {}, "order": 7, "mode": 0, "outputs": [{"name": "INT", "type": "INT", "links": [89, 99, 373], "widget": {"name": "noise_seed", "config": ["INT", {"default": 0, "min": 0, "max": 18446744073709552000}]}, "slot_index": 0}], "title": "seed", "properties": {}, "widgets_values": [34301, "increment"], "color": "#432", "bgcolor": "#653"}, {"id": 16, "type": "CLIPTextEncode", "pos": [1515, 295], "size": {"0": 210, "1": 54}, "flags": {"collapsed": true}, "order": 18, "mode": 0, "inputs": [{"name": "clip", "type": "CLIP", "link": 19, "slot_index": 0}, {"name": "text", "type": "STRING", "link": 426, "widget": {"name": "text", "config": ["STRING", {"multiline": true}]}, "slot_index": 1}], "outputs": [{"name": "CONDITIONING", "type": "CONDITIONING", "links": [372], "shape": 3, "slot_index": 0}], "properties": {"Node name for S&R": "CLIPTextEncode"}, "widgets_values": ["NSFW, a full-body photo of naked __actress__ staring up at the sky"], "color": "#232", "bgcolor": "#353"}, {"id": 17, "type": "CLIPTextEncode", "pos": [1513, 344], "size": {"0": 210, "1": 54}, "flags": {"collapsed": true}, "order": 21, "mode": 0, "inputs": [{"name": "clip", "type": "CLIP", "link": 20}, {"name": "text", "type": "STRING", "link": 427, "widget": {"name": "text", "config": ["STRING", {"multiline": true}]}, "slot_index": 1}], "outputs": [{"name": "CONDITIONING", "type": "CONDITIONING", "links": [329], "shape": 3, "slot_index": 0}], "properties": {"Node name for S&R": "CLIPTextEncode"}, "widgets_values": ["featureless colourless (game pixelated distorted glitch abstract error), text, watermark"], "color": "#322", "bgcolor": "#533"}, {"id": 5, "type": "CLIPTextEncode", "pos": [-6, 753], "size": {"0": 210, "1": 54}, "flags": {"collapsed": true}, "order": 25, "mode": 0, "inputs": [{"name": "clip", "type": "CLIP", "link": 421, "slot_index": 0}, {"name": "text", "type": "STRING", "link": 428, "widget": {"name": "text", "config": ["STRING", {"multiline": true}]}, "slot_index": 1}], "outputs": [{"name": "CONDITIONING", "type": "CONDITIONING", "links": [200], "shape": 3, "slot_index": 0}], "properties": {"Node name for S&R": "CLIPTextEncode"}, "widgets_values": ["framed from breasts up, (low angle shot looking up at two huge pale women entwined in a lovers embrace), aggressively dominating, terrifying, a look of superiority on her thin lips, ((looking down into the camera)), intense gaze, impressive, big eyes, vampire, commanding gaze, hypnotic eyes, staring into your soul, forcing you to obey her every whim, stunning eyes, 8k eye detail, overwhelming charisma, powerful, intimidating, fit body with muscular shoulders, extremely expressive, an incredible sense of vertigo, wearing tight black dresses with which reveal their ample thighs and perky breasts, embellished with intricate embroidery, photorealistic, atmospheric lighting, putting you under hypnosis, hyperreal, majestic, psionic waves emanating from her, [vampire castle interior in the background], luscious curly auburn hair nestled on their shoulders, wide eyes, impactful lighting, hard shadows, high contrast well-defined muscles, (natural pubic hair:1.2)"], "color": "#232", "bgcolor": "#353"}, {"id": 6, "type": "CLIPTextEncode", "pos": [-3, 805], "size": {"0": 210, "1": 54}, "flags": {"collapsed": true}, "order": 26, "mode": 0, "inputs": [{"name": "clip", "type": "CLIP", "link": 422}, {"name": "text", "type": "STRING", "link": 429, "widget": {"name": "text", "config": ["STRING", {"multiline": true}]}, "slot_index": 1}], "outputs": [{"name": "CONDITIONING", "type": "CONDITIONING", "links": [87], "shape": 3, "slot_index": 0}], "properties": {"Node name for S&R": "CLIPTextEncode"}, "widgets_values": ["featureless colourless (game pixelated distorted glitch abstract error), text, watermark"], "color": "#322", "bgcolor": "#533"}, {"id": 13, "type": "CLIPTextEncode", "pos": [410, 750], "size": {"0": 210, "1": 54}, "flags": {"collapsed": true}, "order": 22, "mode": 0, "inputs": [{"name": "clip", "type": "CLIP", "link": 12}, {"name": "text", "type": "STRING", "link": 430, "widget": {"name": "text", "config": ["STRING", {"multiline": true}]}, "slot_index": 1}], "outputs": [{"name": "CONDITIONING", "type": "CONDITIONING", "links": [97], "shape": 3, "slot_index": 0}], "properties": {"Node name for S&R": "CLIPTextEncode"}, "widgets_values": ["featureless colourless (game pixelated distorted glitch abstract error), text, watermark"], "color": "#322", "bgcolor": "#533"}, {"id": 12, "type": "CLIPTextEncode", "pos": [410, 720], "size": {"0": 210, "1": 54}, "flags": {"collapsed": true}, "order": 19, "mode": 0, "inputs": [{"name": "clip", "type": "CLIP", "link": 11, "slot_index": 0}, {"name": "text", "type": "STRING", "link": 431, "widget": {"name": "text", "config": ["STRING", {"multiline": true}]}, "slot_index": 1}], "outputs": [{"name": "CONDITIONING", "type": "CONDITIONING", "links": [96], "shape": 3, "slot_index": 0}], "properties": {"Node name for S&R": "CLIPTextEncode"}, "widgets_values": ["cinematic photo, depth of field, wide angle shot, 8k uhd, high quality, chiaroscuro"], "color": "#232", "bgcolor": "#353"}, {"id": 147, "type": "CLIPTextEncode", "pos": [2512, 361], "size": {"0": 210, "1": 54}, "flags": {"collapsed": true}, "order": 20, "mode": 0, "inputs": [{"name": "clip", "type": "CLIP", "link": 348, "slot_index": 0}, {"name": "text", "type": "STRING", "link": 432, "widget": {"name": "text", "config": ["STRING", {"multiline": true}]}, "slot_index": 1}], "outputs": [{"name": "CONDITIONING", "type": "CONDITIONING", "links": [353], "shape": 3, "slot_index": 0}], "properties": {"Node name for S&R": "CLIPTextEncode"}, "widgets_values": ["NSFW, a full-body photo of naked __actress__ staring up at the sky"], "color": "#232", "bgcolor": "#353"}, {"id": 109, "type": "ImpactWildcardProcessor", "pos": [614.6799963378908, 38.12001663208013], "size": {"0": 720.4083862304688, "1": 205.04660034179688}, "flags": {}, "order": 8, "mode": 0, "outputs": [{"name": "STRING", "type": "STRING", "links": [425], "shape": 3, "slot_index": 0}], "properties": {"Node name for S&R": "ImpactWildcardProcessor"}, "widgets_values": ["a scene from a mafia movie with men sitting at a blackjack table in a dark room, smokey atmosphere, volumetric smoke", "a scene from a mafia movie with men sitting at a blackjack table in a dark room, smokey atmosphere, volumetric smoke", "Populate"], "color": "#232", "bgcolor": "#353"}, {"id": 42, "type": "UltimateSDUpscale", "pos": [1458.56926796875, 507.71800115966795], "size": {"0": 315, "1": 590}, "flags": {}, "order": 36, "mode": 0, "inputs": [{"name": "image", "type": "IMAGE", "link": 327}, {"name": "model", "type": "MODEL", "link": 68, "slot_index": 1}, {"name": "positive", "type": "CONDITIONING", "link": 372, "slot_index": 2}, {"name": "negative", "type": "CONDITIONING", "link": 329, "slot_index": 3}, {"name": "vae", "type": "VAE", "link": 67, "slot_index": 4}, {"name": "upscale_model", "type": "UPSCALE_MODEL", "link": 71}, {"name": "seed", "type": "INT", "link": 373, "widget": {"name": "seed", "config": ["INT", {"default": 0, "min": 0, "max": 18446744073709552000}]}}, {"name": "tile_width", "type": "INT", "link": 402, "widget": {"name": "tile_width", "config": ["INT", {"default": 512, "min": 8, "max": 8192, "step": 8}]}, "slot_index": 7}, {"name": "tile_height", "type": "INT", "link": 403, "widget": {"name": "tile_height", "config": ["INT", {"default": 512, "min": 8, "max": 8192, "step": 8}]}, "slot_index": 8}], "outputs": [{"name": "IMAGE", "type": "IMAGE", "links": [338, 339, 375], "shape": 3, "slot_index": 0}], "properties": {"Node name for S&R": "UltimateSDUpscale"}, "widgets_values": [2, 34300, "fixed", 15, 7.5, "dpmpp_2m_sde_gpu", "karras", 0.3, "Linear", 1472, 704, 32, 88, "None", 1, 64, 8, 16, "enable"]}, {"id": 144, "type": "CLIPTextEncode", "pos": [2520, 410], "size": {"0": 383.0995788574219, "1": 88.64876556396484}, "flags": {"collapsed": true}, "order": 14, "mode": 0, "inputs": [{"name": "clip", "type": "CLIP", "link": 345, "slot_index": 0}], "outputs": [{"name": "CONDITIONING", "type": "CONDITIONING", "links": [354], "slot_index": 0}], "title": "Face Prompt Negative", "properties": {"Node name for S&R": "CLIPTextEncode"}, "widgets_values": ["featureless colourless (game pixelated distorted glitch abstract error), text, watermark"], "color": "#322", "bgcolor": "#533"}, {"id": 1, "type": "CheckpointLoaderSimple", "pos": [-114, 589], "size": {"0": 395.5049133300781, "1": 98}, "flags": {}, "order": 9, "mode": 0, "outputs": [{"name": "MODEL", "type": "MODEL", "links": [414], "shape": 3, "slot_index": 0}, {"name": "CLIP", "type": "CLIP", "links": [415], "shape": 3, "slot_index": 1}, {"name": "VAE", "type": "VAE", "links": [], "shape": 3, "slot_index": 2}], "properties": {"Node name for S&R": "CheckpointLoaderSimple"}, "widgets_values": ["sd_xl_base_1.0_0.9vae.safetensors"], "color": "#323", "bgcolor": "#535"}, {"id": 2, "type": "CheckpointLoaderSimple", "pos": [365, 582], "size": {"0": 315, "1": 98}, "flags": {"collapsed": false}, "order": 10, "mode": 0, "outputs": [{"name": "MODEL", "type": "MODEL", "links": [94], "shape": 3, "slot_index": 0}, {"name": "CLIP", "type": "CLIP", "links": [11, 12], "shape": 3, "slot_index": 1}, {"name": "VAE", "type": "VAE", "links": [433], "shape": 3, "slot_index": 2}], "properties": {"Node name for S&R": "CheckpointLoaderSimple"}, "widgets_values": ["sd_xl_refiner_1.0_0.9vae.safetensors"], "color": "#223", "bgcolor": "#335"}, {"id": 85, "type": "SaveImage", "pos": [461, 1211], "size": {"0": 315, "1": 270}, "flags": {"collapsed": true}, "order": 35, "mode": 0, "inputs": [{"name": "images", "type": "IMAGE", "link": 156, "slot_index": 0}], "properties": {}, "widgets_values": ["SDXL_Refiner"]}, {"id": 24, "type": "VAEDecode", "pos": [454, 1144], "size": {"0": 210, "1": 46}, "flags": {"collapsed": true}, "order": 33, "mode": 0, "inputs": [{"name": "samples", "type": "LATENT", "link": 322}, {"name": "vae", "type": "VAE", "link": 433}], "outputs": [{"name": "IMAGE", "type": "IMAGE", "links": [79, 156, 327], "shape": 3, "slot_index": 0}], "properties": {"Node name for S&R": "VAEDecode"}, "color": "#223", "bgcolor": "#335"}, {"id": 46, "type": "PreviewImage", "pos": [736, 557], "size": {"0": 648.2520141601562, "1": 634.9627075195312}, "flags": {"collapsed": false}, "order": 34, "mode": 0, "inputs": [{"name": "images", "type": "IMAGE", "link": 79, "slot_index": 0}], "title": "SDXL Refiner", "properties": {"Node name for S&R": "PreviewImage"}}, {"id": 174, "type": "SDXLPromptStyler", "pos": [659, 290], "size": {"0": 642.4783935546875, "1": 164}, "flags": {"collapsed": false}, "order": 15, "mode": 0, "inputs": [{"name": "text_positive", "type": "STRING", "link": 425, "widget": {"name": "text_positive", "config": ["STRING", {"default": "", "multiline": true}]}}], "outputs": [{"name": "positive_prompt_text_g", "type": "STRING", "links": [426, 428, 431, 432], "shape": 3, "slot_index": 0}, {"name": "negative_prompt_text_g", "type": "STRING", "links": [427, 429, 430], "shape": 3, "slot_index": 1}], "properties": {"Node name for S&R": "SDXLPromptStyler"}, "widgets_values": ["", "featureless (game pixelated distorted glitch abstract error, worst quality:1.2)", "sai-cinematic", "No"], "color": "#322", "bgcolor": "#533"}, {"id": 80, "type": "Reroute", "pos": [2000.5518555546882, 872.5962916328139], "size": [75, 26], "flags": {}, "order": 37, "mode": 0, "inputs": [{"name": "", "type": "*", "link": 338}], "outputs": [{"name": "", "type": "IMAGE", "links": [], "slot_index": 0}], "properties": {"showOutputText": false, "horizontal": false}, "color": "#322", "bgcolor": "#533"}, {"id": 162, "type": "Empty Latent Ratio Select SDXL", "pos": [-16.920006237030012, 58.700013732910286], "size": {"0": 315, "1": 82}, "flags": {}, "order": 11, "mode": 0, "outputs": [{"name": "LATENT", "type": "LATENT", "links": [382, 401], "shape": 3, "slot_index": 0}], "properties": {"Node name for S&R": "Empty Latent Ratio Select SDXL"}, "widgets_values": ["1:1 [1024x1024 square]", 1], "color": "#432", "bgcolor": "#653"}, {"id": 33, "type": "PrimitiveNode", "pos": [359.0799937629698, 50.70001373291028], "size": {"0": 210, "1": 82}, "flags": {}, "order": 12, "mode": 0, "outputs": [{"name": "INT", "type": "INT", "links": [90, 100], "widget": {"name": "steps", "config": ["INT", {"default": 20, "min": 1, "max": 10000}]}, "slot_index": 0}], "title": "steps", "properties": {}, "widgets_values": [20, "fixed"], "color": "#432", "bgcolor": "#653"}, {"id": 50, "type": "KSamplerAdvanced", "pos": [-38, 897], "size": {"0": 269.9818420410156, "1": 298}, "flags": {"collapsed": false}, "order": 30, "mode": 0, "inputs": [{"name": "model", "type": "MODEL", "link": 420, "slot_index": 0}, {"name": "positive", "type": "CONDITIONING", "link": 200, "slot_index": 1}, {"name": "negative", "type": "CONDITIONING", "link": 87}, {"name": "latent_image", "type": "LATENT", "link": 382}, {"name": "noise_seed", "type": "INT", "link": 89, "widget": {"name": "noise_seed", "config": ["INT", {"default": 0, "min": 0, "max": 18446744073709552000}]}}, {"name": "cfg", "type": "FLOAT", "link": 91, "widget": {"name": "cfg", "config": ["FLOAT", {"default": 8, "min": 0, "max": 100}]}}, {"name": "steps", "type": "INT", "link": 90, "widget": {"name": "steps", "config": ["INT", {"default": 20, "min": 1, "max": 10000}]}, "slot_index": 7}], "outputs": [{"name": "LATENT", "type": "LATENT", "links": [320], "slot_index": 0}], "title": "First Pass Latent", "properties": {"Node name for S&R": "KSamplerAdvanced"}, "widgets_values": ["enable", 34300, "fixed", 20, 9.5, "uni_pc_bh2", "normal", 0, 14, "enable"], "color": "#323", "bgcolor": "#535"}, {"id": 34, "type": "PrimitiveNode", "pos": [359.0799937629698, 300.70001373291024], "size": {"0": 210, "1": 82}, "flags": {}, "order": 13, "mode": 0, "outputs": [{"name": "FLOAT", "type": "FLOAT", "links": [91, 101], "widget": {"name": "cfg", "config": ["FLOAT", {"default": 8, "min": 0, "max": 100}]}, "slot_index": 0}], "title": "cfg", "properties": {}, "widgets_values": [9.5, "fixed"], "color": "#432", "bgcolor": "#653"}, {"id": 172, "type": "CR Load LoRA", "pos": [-485.04193505859365, 637.2818691406253], "size": {"0": 315, "1": 150}, "flags": {}, "order": 16, "mode": 0, "inputs": [{"name": "model", "type": "MODEL", "link": 414}, {"name": "clip", "type": "CLIP", "link": 415}], "outputs": [{"name": "MODEL", "type": "MODEL", "links": [423], "shape": 3, "slot_index": 0}, {"name": "CLIP", "type": "CLIP", "links": [424], "shape": 3, "slot_index": 1}], "properties": {"Node name for S&R": "CR Load LoRA"}, "widgets_values": ["Off", "LowRa.safetensors", 0.9000000000000001, 1]}, {"id": 51, "type": "KSamplerAdvanced", "pos": [380, 790], "size": {"0": 268.3213195800781, "1": 298}, "flags": {"collapsed": false}, "order": 32, "mode": 0, "inputs": [{"name": "model", "type": "MODEL", "link": 94}, {"name": "positive", "type": "CONDITIONING", "link": 96}, {"name": "negative", "type": "CONDITIONING", "link": 97}, {"name": "latent_image", "type": "LATENT", "link": 320}, {"name": "cfg", "type": "FLOAT", "link": 101, "widget": {"name": "cfg", "config": ["FLOAT", {"default": 8, "min": 0, "max": 100}]}}, {"name": "steps", "type": "INT", "link": 100, "widget": {"name": "steps", "config": ["INT", {"default": 20, "min": 1, "max": 10000}]}}, {"name": "noise_seed", "type": "INT", "link": 99, "widget": {"name": "noise_seed", "config": ["INT", {"default": 0, "min": 0, "max": 18446744073709552000}]}, "slot_index": 6}], "outputs": [{"name": "LATENT", "type": "LATENT", "links": [322], "slot_index": 0}], "title": "Second Pass Latent", "properties": {"Node name for S&R": "KSamplerAdvanced"}, "widgets_values": ["disable", 34300, "fixed", 20, 9.5, "uni_pc_bh2", "normal", 14, 60, "disable"], "color": "#323", "bgcolor": "#535"}, {"id": 173, "type": "CR Load LoRA", "pos": [-483.04193505859365, 843.2818691406253], "size": {"0": 315, "1": 150}, "flags": {}, "order": 23, "mode": 0, "inputs": [{"name": "model", "type": "MODEL", "link": 423}, {"name": "clip", "type": "CLIP", "link": 424}], "outputs": [{"name": "MODEL", "type": "MODEL", "links": [420], "shape": 3, "slot_index": 0}, {"name": "CLIP", "type": "CLIP", "links": [421, 422], "shape": 3, "slot_index": 1}], "properties": {"Node name for S&R": "CR Load LoRA"}, "widgets_values": ["On", "sd_xl_offset_example-lora_1.0.safetensors", 0.5, 1]}, {"id": 151, "type": "FaceDetailer", "pos": [2830, 290], "size": {"0": 456, "1": 788}, "flags": {}, "order": 24, "mode": 0, "inputs": [{"name": "image", "type": "IMAGE", "link": 357}, {"name": "model", "type": "MODEL", "link": 350}, {"name": "clip", "type": "CLIP", "link": 351}, {"name": "vae", "type": "VAE", "link": 352}, {"name": "positive", "type": "CONDITIONING", "link": 353}, {"name": "negative", "type": "CONDITIONING", "link": 354}, {"name": "bbox_detector", "type": "BBOX_DETECTOR", "link": 355, "slot_index": 6}, {"name": "sam_model_opt", "type": "SAM_MODEL", "link": 356}, {"name": "segm_detector_opt", "type": "SEGM_DETECTOR", "link": null}], "outputs": [{"name": "image", "type": "IMAGE", "links": [344, 349], "shape": 3, "slot_index": 0}, {"name": "cropped_refined", "type": "IMAGE", "links": null, "shape": 6}, {"name": "cropped_enhanced_alpha", "type": "IMAGE", "links": null, "shape": 6}, {"name": "mask", "type": "MASK", "links": [346], "shape": 3, "slot_index": 3}, {"name": "detailer_pipe", "type": "DETAILER_PIPE", "links": null, "shape": 3}], "properties": {"Node name for S&R": "FaceDetailer"}, "widgets_values": [256, "crop_region", 768, 435, "increment", 15, 9, "uni_pc_bh2", "normal", 0.29999999999999993, 5, "enabled", "enabled", 0.4, 10, 3, "center-1", 0, 0.6, 0, 0.4, "False", 10, ""]}], "links": [[11, 2, 1, 12, 0, "CLIP"], [12, 2, 1, 13, 0, "CLIP"], [19, 14, 1, 16, 0, "CLIP"], [20, 14, 1, 17, 0, "CLIP"], [67, 14, 2, 42, 4, "VAE"], [68, 14, 0, 42, 1, "MODEL"], [71, 39, 0, 42, 5, "UPSCALE_MODEL"], [79, 24, 0, 46, 0, "IMAGE"], [87, 6, 0, 50, 2, "CONDITIONING"], [89, 32, 0, 50, 4, "INT"], [90, 33, 0, 50, 6, "INT"], [91, 34, 0, 50, 5, "FLOAT"], [94, 2, 0, 51, 0, "MODEL"], [96, 12, 0, 51, 1, "CONDITIONING"], [97, 13, 0, 51, 2, "CONDITIONING"], [99, 32, 0, 51, 6, "INT"], [100, 33, 0, 51, 5, "INT"], [101, 34, 0, 51, 4, "FLOAT"], [156, 24, 0, 85, 0, "IMAGE"], [200, 5, 0, 50, 1, "CONDITIONING"], [320, 50, 0, 51, 3, "LATENT"], [322, 51, 0, 24, 0, "LATENT"], [327, 24, 0, 42, 0, "IMAGE"], [329, 17, 0, 42, 3, "CONDITIONING"], [338, 42, 0, 80, 0, "*"], [339, 42, 0, 57, 0, "IMAGE"], [344, 151, 0, 143, 0, "IMAGE"], [345, 148, 1, 144, 0, "CLIP"], [346, 151, 3, 145, 0, "MASK"], [347, 145, 0, 146, 0, "IMAGE"], [348, 148, 1, 147, 0, "CLIP"], [349, 151, 0, 150, 0, "IMAGE"], [350, 148, 0, 151, 1, "MODEL"], [351, 148, 1, 151, 2, "CLIP"], [352, 148, 2, 151, 3, "VAE"], [353, 147, 0, 151, 4, "CONDITIONING"], [354, 144, 0, 151, 5, "CONDITIONING"], [355, 149, 0, 151, 6, "BBOX_DETECTOR"], [356, 142, 0, 151, 7, "SAM_MODEL"], [357, 58, 0, 151, 0, "IMAGE"], [372, 16, 0, 42, 2, "CONDITIONING"], [373, 32, 0, 42, 6, "INT"], [375, 42, 0, 159, 0, "IMAGE"], [382, 162, 0, 50, 3, "LATENT"], [401, 162, 0, 170, 0, "LATENT"], [402, 170, 0, 42, 7, "INT"], [403, 170, 1, 42, 8, "INT"], [414, 1, 0, 172, 0, "MODEL"], [415, 1, 1, 172, 1, "CLIP"], [420, 173, 0, 50, 0, "MODEL"], [421, 173, 1, 5, 0, "CLIP"], [422, 173, 1, 6, 0, "CLIP"], [423, 172, 0, 173, 0, "MODEL"], [424, 172, 1, 173, 1, "CLIP"], [425, 109, 0, 174, 0, "STRING"], [426, 174, 0, 16, 1, "STRING"], [427, 174, 1, 17, 1, "STRING"], [428, 174, 0, 5, 1, "STRING"], [429, 174, 1, 6, 1, "STRING"], [430, 174, 1, 13, 1, "STRING"], [431, 174, 0, 12, 1, "STRING"], [432, 174, 0, 147, 1, "STRING"], [433, 2, 2, 24, 1, "VAE"]], "groups": [{"title": "SDXL-REFINER", "bounding": [348, 504, 350, 732], "color": "#88A", "locked": false}, {"title": "GLOBAL PARAMETERS", "bounding": [-49, -43, 1412, 518], "color": "#b58b2a", "locked": false}, {"title": "SDXL-BASE", "bounding": [-127, 500, 431, 732], "color": "#a1309b", "locked": false}, {"title": "Ultimate SD Upscaler", "bounding": [1418, 47, 397, 1141], "color": "#3f789e", "locked": false}, {"title": "Face Detailer Switch", "bounding": [1984, 813, 244, 247], "color": "#A88", "locked": false}, {"title": "Lora", "bounding": [-511, 556, 368, 528], "color": "#3f789e", "locked": false}, {"title": "Detailer", "bounding": [2446, 80, 1709, 1075], "color": "#8AA", "locked": false}], "config": {}, "extra": {}, "version": 0.4}