{"last_node_id": 222, "last_link_id": 512, "nodes": [{"id": 186, "type": "Reroute", "pos": [1159.8049265136722, -90.31880200195309], "size": [90.4, 26], "flags": {}, "order": 22, "mode": 0, "inputs": [{"name": "", "type": "*", "link": 462}], "outputs": [{"name": "STRING", "type": "STRING", "links": [463], "slot_index": 0}], "properties": {"showOutputText": true, "horizontal": false}}, {"id": 183, "type": "Reroute", "pos": [1159, -145], "size": [90.4, 26], "flags": {}, "order": 21, "mode": 0, "inputs": [{"name": "", "type": "*", "link": 457}], "outputs": [{"name": "STRING", "type": "STRING", "links": [458, 459], "slot_index": 0}], "properties": {"showOutputText": true, "horizontal": false}}, {"id": 182, "type": "Reroute", "pos": [68, -144], "size": [90.4, 26], "flags": {}, "order": 16, "mode": 0, "inputs": [{"name": "", "type": "*", "link": 456}], "outputs": [{"name": "STRING", "type": "STRING", "links": [457], "slot_index": 0}], "properties": {"showOutputText": true, "horizontal": false}}, {"id": 185, "type": "Reroute", "pos": [68, -89], "size": [90.4, 26], "flags": {}, "order": 19, "mode": 0, "inputs": [{"name": "", "type": "*", "link": 461}], "outputs": [{"name": "STRING", "type": "STRING", "links": [462], "slot_index": 0}], "properties": {"showOutputText": true, "horizontal": false}}, {"id": 189, "type": "CLIPTextEncode", "pos": [2550, 380], "size": {"0": 383.0995788574219, "1": 88.64876556396484}, "flags": {"collapsed": true}, "order": 13, "mode": 0, "inputs": [{"name": "clip", "type": "CLIP", "link": 466, "slot_index": 0}], "outputs": [{"name": "CONDITIONING", "type": "CONDITIONING", "links": [477], "slot_index": 0}], "title": "Face Prompt Negative", "properties": {"Node name for S&R": "CLIPTextEncode"}, "widgets_values": ["featureless colourless (game pixelated distorted glitch abstract error, worst quality:1.2)"], "color": "#322", "bgcolor": "#533"}, {"id": 194, "type": "UltralyticsDetectorProvider", "pos": [2480, 420], "size": {"0": 315, "1": 78}, "flags": {}, "order": 0, "mode": 0, "outputs": [{"name": "BBOX_DETECTOR", "type": "BBOX_DETECTOR", "links": [478], "shape": 3, "slot_index": 0}, {"name": "SEGM_DETECTOR", "type": "SEGM_DETECTOR", "links": null, "shape": 3}], "properties": {"Node name for S&R": "UltralyticsDetectorProvider"}, "widgets_values": ["bbox/face_yolov8n_v2.pt"]}, {"id": 192, "type": "CLIPTextEncode", "pos": [2530, 330], "size": {"0": 210, "1": 54}, "flags": {"collapsed": true}, "order": 28, "mode": 0, "inputs": [{"name": "clip", "type": "CLIP", "link": 469, "slot_index": 0}, {"name": "text", "type": "STRING", "link": 483, "widget": {"name": "text", "config": ["STRING", {"multiline": true}]}, "slot_index": 1}], "outputs": [{"name": "CONDITIONING", "type": "CONDITIONING", "links": [476], "shape": 3, "slot_index": 0}], "properties": {"Node name for S&R": "CLIPTextEncode"}, "widgets_values": ["NSFW, a full-body photo of naked __actress__ staring up at the sky"], "color": "#232", "bgcolor": "#353"}, {"id": 188, "type": "PreviewImage", "pos": [3340, 270], "size": {"0": 785.1624755859375, "1": 802.5396118164062}, "flags": {}, "order": 42, "mode": 0, "inputs": [{"name": "images", "type": "IMAGE", "link": 465}], "title": "Final Image", "properties": {"Node name for S&R": "PreviewImage"}}, {"id": 17, "type": "CLIPTextEncode", "pos": [1488.4405810546868, 270.7800051116949], "size": {"0": 210, "1": 54}, "flags": {"collapsed": true}, "order": 26, "mode": 0, "inputs": [{"name": "clip", "type": "CLIP", "link": 20}, {"name": "text", "type": "STRING", "link": 463, "widget": {"name": "text", "config": ["STRING", {"multiline": true}]}, "slot_index": 1}], "outputs": [{"name": "CONDITIONING", "type": "CONDITIONING", "links": [329], "shape": 3, "slot_index": 0}], "properties": {"Node name for S&R": "CLIPTextEncode"}, "widgets_values": ["featureless colourless (game pixelated distorted glitch abstract error), text, watermark"], "color": "#322", "bgcolor": "#533"}, {"id": 204, "type": "SaveImage", "pos": [1051.2600659179689, 1034.3599240112296], "size": {"0": 315, "1": 58}, "flags": {"collapsed": true}, "order": 30, "mode": 0, "inputs": [{"name": "images", "type": "IMAGE", "link": 488}], "properties": {}, "widgets_values": ["GTM_SDXL_v2"]}, {"id": 16, "type": "CLIPTextEncode", "pos": [1488.4405810546868, 220.7800051116942], "size": {"0": 210, "1": 54}, "flags": {"collapsed": true}, "order": 24, "mode": 0, "inputs": [{"name": "clip", "type": "CLIP", "link": 19, "slot_index": 0}, {"name": "text", "type": "STRING", "link": 458, "widget": {"name": "text", "config": ["STRING", {"multiline": true}]}, "slot_index": 1}], "outputs": [{"name": "CONDITIONING", "type": "CONDITIONING", "links": [372], "shape": 3, "slot_index": 0}], "properties": {"Node name for S&R": "CLIPTextEncode"}, "widgets_values": ["NSFW, a full-body photo of naked __actress__ staring up at the sky"], "color": "#232", "bgcolor": "#353"}, {"id": 39, "type": "UpscaleModelLoader", "pos": [1438.4405810546868, 320.7800051116949], "size": {"0": 315, "1": 58}, "flags": {}, "order": 1, "mode": 0, "outputs": [{"name": "UPSCALE_MODEL", "type": "UPSCALE_MODEL", "links": [71], "shape": 3, "slot_index": 0}], "properties": {"Node name for S&R": "UpscaleModelLoader", "ttNbgOverride": {"color": "#222", "bgcolor": "#000", "groupcolor": "#444"}}, "widgets_values": ["4x_NMKD-Siax_200k.pth"], "color": "#222", "bgcolor": "#000"}, {"id": 205, "type": "VAEEncode", "pos": [1535.4405810546868, 429.7800051116949], "size": {"0": 210, "1": 46}, "flags": {"collapsed": true}, "order": 36, "mode": 0, "inputs": [{"name": "pixels", "type": "IMAGE", "link": 489}, {"name": "vae", "type": "VAE", "link": 490, "slot_index": 1}], "outputs": [{"name": "LATENT", "type": "LATENT", "links": [503], "shape": 3, "slot_index": 0}], "properties": {"Node name for S&R": "VAEEncode"}}, {"id": 198, "type": "VAEDecode", "pos": [2590, 1080], "size": {"0": 210, "1": 46}, "flags": {"collapsed": true}, "order": 40, "mode": 0, "inputs": [{"name": "samples", "type": "LATENT", "link": 481}, {"name": "vae", "type": "VAE", "link": 482}], "outputs": [{"name": "IMAGE", "type": "IMAGE", "links": [472], "slot_index": 0}], "properties": {"Node name for S&R": "VAEDecode"}}, {"id": 14, "type": "CheckpointLoaderSimple", "pos": [1418.4405810546868, 70.7800051116945], "size": {"0": 339.733642578125, "1": 100.60211944580078}, "flags": {}, "order": 2, "mode": 0, "outputs": [{"name": "MODEL", "type": "MODEL", "links": [68], "shape": 3}, {"name": "CLIP", "type": "CLIP", "links": [19, 20], "shape": 3, "slot_index": 1}, {"name": "VAE", "type": "VAE", "links": [67, 490], "shape": 3, "slot_index": 2}], "properties": {"Node name for S&R": "CheckpointLoaderSimple"}, "widgets_values": ["GTM_ForYou-Photo_v2_pruned.safetensors"], "color": "#222", "bgcolor": "#000"}, {"id": 179, "type": "Reroute", "pos": [330, 1110], "size": [90.4, 26], "flags": {}, "order": 20, "mode": 0, "inputs": [{"name": "", "type": "*", "link": 451}], "outputs": [{"name": "LATENT", "type": "LATENT", "links": [448], "slot_index": 0}], "properties": {"showOutputText": true, "horizontal": false}}, {"id": 187, "type": "SAMLoader", "pos": [2490, 540], "size": {"0": 315, "1": 82}, "flags": {}, "order": 3, "mode": 0, "outputs": [{"name": "SAM_MODEL", "type": "SAM_MODEL", "links": [479], "shape": 3, "slot_index": 0}], "properties": {"Node name for S&R": "SAMLoader"}, "widgets_values": ["sam_vit_b_01ec64.pth", "Prefer GPU"], "color": "#232", "bgcolor": "#353"}, {"id": 190, "type": "MaskToImage", "pos": [2557, 674], "size": {"0": 210, "1": 26}, "flags": {"collapsed": true}, "order": 44, "mode": 0, "inputs": [{"name": "mask", "type": "MASK", "link": 467}], "outputs": [{"name": "IMAGE", "type": "IMAGE", "links": [468], "shape": 3, "slot_index": 0}], "properties": {"Node name for S&R": "MaskToImage"}}, {"id": 180, "type": "Reroute", "pos": [88, 1110], "size": [90.4, 26], "flags": {}, "order": 15, "mode": 0, "inputs": [{"name": "", "type": "*", "link": 450}], "outputs": [{"name": "LATENT", "type": "LATENT", "links": [451], "slot_index": 0}], "properties": {"showOutputText": true, "horizontal": false}}, {"id": 177, "type": "ttN pipeLoader", "pos": [27, -2], "size": {"0": 379.2649841308594, "1": 498}, "flags": {}, "order": 17, "mode": 0, "inputs": [{"name": "positive", "type": "STRING", "link": 438, "widget": {"name": "positive", "config": ["STRING", {"default": "Positive", "multiline": true}]}}, {"name": "negative", "type": "STRING", "link": 439, "widget": {"name": "negative", "config": ["STRING", {"default": "Negative", "multiline": true}]}}, {"name": "seed", "type": "INT", "link": 442, "widget": {"name": "seed", "config": ["INT", {"default": 0, "min": 0, "max": 18446744073709552000}]}}, {"name": "clip_skip", "type": "INT", "link": 496, "widget": {"name": "clip_skip", "config": ["INT", {"default": -1, "min": -24, "max": -1, "step": 1}]}}], "outputs": [{"name": "pipe", "type": "PIPE_LINE", "links": [436], "shape": 3, "slot_index": 0}, {"name": "model", "type": "MODEL", "links": null, "shape": 3}, {"name": "positive", "type": "CONDITIONING", "links": null, "shape": 3}, {"name": "negative", "type": "CONDITIONING", "links": null, "shape": 3}, {"name": "latent", "type": "LATENT", "links": null, "shape": 3}, {"name": "vae", "type": "VAE", "links": null, "shape": 3}, {"name": "clip", "type": "CLIP", "links": [], "shape": 3, "slot_index": 6}, {"name": "seed", "type": "INT", "links": null, "shape": 3}], "title": "pipeLoader - Refiner", "properties": {"Node name for S&R": "ttN pipeLoader", "ttNbgOverride": {"color": "#222", "bgcolor": "#000", "groupcolor": "#444"}, "ttNnodeVersion": "1.0.1"}, "widgets_values": ["SDXL\\sd_xl_refiner_1.0_0.9vae.safetensors", "Baked VAE", -2, "None", 0.5, 1, "None", 1, 1, "None", 1, 1, "Positive", "none", "comfy", "Negative", "none", "comfy", 1024, 1024, 1, 34493, "fixed"], "color": "#223", "bgcolor": "#335"}, {"id": 57, "type": "PreviewImage", "pos": [1840, 82], "size": [575.473876953125, 641.4998168945312], "flags": {}, "order": 34, "mode": 0, "inputs": [{"name": "images", "type": "IMAGE", "link": 339, "slot_index": 0}], "title": "Upscaled Image", "properties": {"Node name for S&R": "PreviewImage", "ttNbgOverride": {"color": "#222", "bgcolor": "#000", "groupcolor": "#444"}}, "color": "#222", "bgcolor": "#000", "locked": true}, {"id": 197, "type": "RebatchLatents", "pos": [2580, 1029], "size": {"0": 315, "1": 58}, "flags": {"collapsed": true}, "order": 39, "mode": 0, "inputs": [{"name": "latents", "type": "LATENT", "link": 504, "slot_index": 0}], "outputs": [{"name": "LATENT", "type": "LATENT", "links": [481], "shape": 6, "slot_index": 0}], "properties": {"Node name for S&R": "RebatchLatents"}, "widgets_values": [1]}, {"id": 199, "type": "PrimitiveNode", "pos": [-881.563921386719, 744.3740117187499], "size": {"0": 210, "1": 82}, "flags": {}, "order": 4, "mode": 0, "outputs": [{"name": "INT", "type": "INT", "links": [486, 487], "slot_index": 0, "widget": {"name": "steps", "config": ["INT", {"default": 20, "min": 1, "max": 10000}]}}], "title": "Total Steps", "properties": {}, "widgets_values": [35, "fixed"], "color": "#432", "bgcolor": "#653"}, {"id": 206, "type": "PrimitiveNode", "pos": [-882, 872], "size": {"0": 210, "1": 82}, "flags": {}, "order": 5, "mode": 0, "outputs": [{"name": "INT", "type": "INT", "links": [493, 494], "slot_index": 0, "widget": {"name": "end_at_step", "config": ["INT", {"default": 10000, "min": 0, "max": 10000}]}}], "title": "Base Steps", "properties": {}, "widgets_values": [25, "fixed"], "color": "#432", "bgcolor": "#653"}, {"id": 184, "type": "Reroute", "pos": [2255, -144], "size": [90.4, 26], "flags": {}, "order": 25, "mode": 0, "inputs": [{"name": "", "type": "*", "link": 459}], "outputs": [{"name": "STRING", "type": "STRING", "links": [483], "slot_index": 0}], "properties": {"showOutputText": true, "horizontal": false}}, {"id": 176, "type": "ttN pipeKSamplerAdvanced", "pos": [497.63187290269894, 618.379841554759], "size": {"0": 321.428466796875, "1": 493.9761657714844}, "flags": {}, "order": 23, "mode": 0, "inputs": [{"name": "pipe", "type": "PIPE_LINE", "link": 435}, {"name": "optional_model", "type": "MODEL", "link": null}, {"name": "optional_positive", "type": "CONDITIONING", "link": null}, {"name": "optional_negative", "type": "CONDITIONING", "link": null}, {"name": "optional_latent", "type": "LATENT", "link": 448}, {"name": "optional_vae", "type": "VAE", "link": null}, {"name": "optional_clip", "type": "CLIP", "link": null}, {"name": "xyPlot", "type": "XYPLOT", "link": null}, {"name": "noise_seed", "type": "INT", "link": null, "widget": {"name": "noise_seed", "config": ["INT", {"default": 0, "min": 0, "max": 18446744073709552000}]}}, {"name": "steps", "type": "INT", "link": 486, "widget": {"name": "steps", "config": ["INT", {"default": 20, "min": 1, "max": 10000}]}, "slot_index": 9}, {"name": "end_at_step", "type": "INT", "link": 493, "widget": {"name": "end_at_step", "config": ["INT", {"default": 10000, "min": 0, "max": 10000}]}, "slot_index": 10}], "outputs": [{"name": "pipe", "type": "PIPE_LINE", "links": null, "shape": 3}, {"name": "model", "type": "MODEL", "links": null, "shape": 3}, {"name": "positive", "type": "CONDITIONING", "links": null, "shape": 3}, {"name": "negative", "type": "CONDITIONING", "links": null, "shape": 3}, {"name": "latent", "type": "LATENT", "links": [437], "shape": 3, "slot_index": 4}, {"name": "vae", "type": "VAE", "links": null, "shape": 3}, {"name": "clip", "type": "CLIP", "links": null, "shape": 3}, {"name": "image", "type": "IMAGE", "links": null, "shape": 3}, {"name": "seed", "type": "INT", "links": null, "shape": 3}], "title": "pipeKSamplerAdvanced - Base", "properties": {"Node name for S&R": "ttN pipeKSamplerAdvanced", "ttNbgOverride": {"color": "#222", "bgcolor": "#000", "groupcolor": "#444"}, "ttNnodeVersion": "1.0.3"}, "widgets_values": ["None", 1, 1, "None", 2, "disabled", "Sample", "enable", 35, 9.5, "dpmpp_2m", "karras", 0, 25, "enable", "Hide", "ComfyUI", 399354005954493, "randomize"], "color": "#323", "bgcolor": "#535"}, {"id": 159, "type": "Image Save", "pos": [1630, 1120], "size": {"0": 387.2843322753906, "1": 558}, "flags": {"collapsed": true}, "order": 35, "mode": 0, "inputs": [{"name": "images", "type": "IMAGE", "link": 375}], "properties": {"Node name for S&R": "Image Save", "ttNbgOverride": {"color": "#222", "bgcolor": "#000", "groupcolor": "#444"}}, "widgets_values": ["UpScaled", "SDXL_Upscaled", "_", 4, "true", "jpeg", 100, "false", "false", "false", "true", "true", "true"], "color": "#222", "bgcolor": "#000"}, {"id": 195, "type": "Image Save", "pos": [3010, 200], "size": {"0": 387.2843322753906, "1": 346}, "flags": {"collapsed": true}, "order": 43, "mode": 0, "inputs": [{"name": "images", "type": "IMAGE", "link": 471}], "properties": {"Node name for S&R": "Image Save"}, "widgets_values": ["UpScaled", "SDXL_detailer", "_", 4, "true", "jpeg", 100, "false", "false", "false", "true", "true", "false"]}, {"id": 191, "type": "PreviewImage", "pos": [2490, 730], "size": {"0": 322.6470947265625, "1": 251.0089569091797}, "flags": {}, "order": 45, "mode": 0, "inputs": [{"name": "images", "type": "IMAGE", "link": 468}], "title": "Preview Mask", "properties": {"Node name for S&R": "PreviewImage"}}, {"id": 42, "type": "UltimateSDUpscale", "pos": [1438.4405810546868, 480.7800051116948], "size": {"0": 315, "1": 590}, "flags": {}, "order": 33, "mode": 0, "inputs": [{"name": "image", "type": "IMAGE", "link": 454}, {"name": "model", "type": "MODEL", "link": 68, "slot_index": 1}, {"name": "positive", "type": "CONDITIONING", "link": 372, "slot_index": 2}, {"name": "negative", "type": "CONDITIONING", "link": 329, "slot_index": 3}, {"name": "vae", "type": "VAE", "link": 67, "slot_index": 4}, {"name": "upscale_model", "type": "UPSCALE_MODEL", "link": 71}, {"name": "seed", "type": "INT", "link": 464, "widget": {"name": "seed", "config": ["INT", {"default": 0, "min": 0, "max": 18446744073709552000}]}}, {"name": "tile_width", "type": "INT", "link": 402, "widget": {"name": "tile_width", "config": ["INT", {"default": 512, "min": 8, "max": 8192, "step": 8}]}, "slot_index": 7}, {"name": "tile_height", "type": "INT", "link": 403, "widget": {"name": "tile_height", "config": ["INT", {"default": 512, "min": 8, "max": 8192, "step": 8}]}, "slot_index": 8}], "outputs": [{"name": "IMAGE", "type": "IMAGE", "links": [339, 375, 489], "shape": 3, "slot_index": 0}], "properties": {"Node name for S&R": "UltimateSDUpscale", "ttNbgOverride": {"color": "#222", "bgcolor": "#000", "groupcolor": "#444"}}, "widgets_values": [2, 34300, "fixed", 15, 7.5, "dpmpp_2m_sde_gpu", "karras", 0.3, "Linear", 1472, 704, 32, 88, "None", 1, 64, 8, 16, "enable"], "color": "#222", "bgcolor": "#000"}, {"id": 193, "type": "Checkpoint Loader (Simple)", "pos": [2480, 170], "size": {"0": 315, "1": 118}, "flags": {}, "order": 6, "mode": 0, "outputs": [{"name": "MODEL", "type": "MODEL", "links": [473], "shape": 3, "slot_index": 0}, {"name": "CLIP", "type": "CLIP", "links": [466, 469, 474], "shape": 3, "slot_index": 1}, {"name": "VAE", "type": "VAE", "links": [475, 482], "shape": 3, "slot_index": 2}, {"name": "NAME_STRING", "type": "STRING", "links": null, "shape": 3}], "properties": {"Node name for S&R": "Checkpoint Loader (Simple)"}, "widgets_values": ["GTM_ForYou-Photo_v2_pruned.safetensors"]}, {"id": 196, "type": "FaceDetailer", "pos": [2840, 280], "size": {"0": 456, "1": 788}, "flags": {}, "order": 41, "mode": 0, "inputs": [{"name": "image", "type": "IMAGE", "link": 472}, {"name": "model", "type": "MODEL", "link": 473}, {"name": "clip", "type": "CLIP", "link": 474}, {"name": "vae", "type": "VAE", "link": 475}, {"name": "positive", "type": "CONDITIONING", "link": 476}, {"name": "negative", "type": "CONDITIONING", "link": 477}, {"name": "bbox_detector", "type": "BBOX_DETECTOR", "link": 478, "slot_index": 6}, {"name": "sam_model_opt", "type": "SAM_MODEL", "link": 479}, {"name": "segm_detector_opt", "type": "SEGM_DETECTOR", "link": null}], "outputs": [{"name": "image", "type": "IMAGE", "links": [465, 471], "shape": 3, "slot_index": 0}, {"name": "cropped_refined", "type": "IMAGE", "links": null, "shape": 6}, {"name": "cropped_enhanced_alpha", "type": "IMAGE", "links": null, "shape": 6}, {"name": "mask", "type": "MASK", "links": [467], "shape": 3, "slot_index": 3}, {"name": "detailer_pipe", "type": "DETAILER_PIPE", "links": null, "shape": 3}], "properties": {"Node name for S&R": "FaceDetailer"}, "widgets_values": [256, "crop_region", 768, 731, "increment", 20, 8, "dpmpp_2m", "karras", 0.29996259405500897, 5, "disabled", "enabled", 0.4, 10, 3, "center-1", 0, 0.4, 0, 0.25, "False", 10, ""]}, {"id": 175, "type": "ttN pipeLoader", "pos": [24, 550], "size": [410.0570373535156, 540.4334106445312], "flags": {}, "order": 18, "mode": 0, "inputs": [{"name": "positive", "type": "STRING", "link": 440, "widget": {"name": "positive", "config": ["STRING", {"default": "Positive", "multiline": true}]}}, {"name": "negative", "type": "STRING", "link": 441, "widget": {"name": "negative", "config": ["STRING", {"default": "Negative", "multiline": true}]}}, {"name": "seed", "type": "INT", "link": 443, "widget": {"name": "seed", "config": ["INT", {"default": 0, "min": 0, "max": 18446744073709552000}]}}, {"name": "clip_skip", "type": "INT", "link": 495, "widget": {"name": "clip_skip", "config": ["INT", {"default": -1, "min": -24, "max": -1, "step": 1}]}}], "outputs": [{"name": "pipe", "type": "PIPE_LINE", "links": [435], "shape": 3, "slot_index": 0}, {"name": "model", "type": "MODEL", "links": null, "shape": 3}, {"name": "positive", "type": "CONDITIONING", "links": null, "shape": 3}, {"name": "negative", "type": "CONDITIONING", "links": null, "shape": 3}, {"name": "latent", "type": "LATENT", "links": null, "shape": 3}, {"name": "vae", "type": "VAE", "links": null, "shape": 3}, {"name": "clip", "type": "CLIP", "links": [], "shape": 3, "slot_index": 6}, {"name": "seed", "type": "INT", "links": null, "shape": 3}], "title": "pipeLoader - Base", "properties": {"Node name for S&R": "ttN pipeLoader", "ttNbgOverride": {"color": "#222", "bgcolor": "#000", "groupcolor": "#444"}, "ttNnodeVersion": "1.0.1"}, "widgets_values": ["SDXL\\sd_xl_base_1.0_0.9vae.safetensors", "Baked VAE", -2, "None", 1, 1, "None", 1, 1, "None", 1, 1, "big tree", "none", "comfy", "Negative", "none", "comfy", 1024, 1024, 1, 34493, "fixed"], "color": "#323", "bgcolor": "#535"}, {"id": 207, "type": "PrimitiveNode", "pos": [-654, 871], "size": {"0": 210, "1": 82}, "flags": {}, "order": 7, "mode": 0, "outputs": [{"name": "INT", "type": "INT", "links": [495, 496], "slot_index": 0, "widget": {"name": "clip_skip", "config": ["INT", {"default": -1, "min": -24, "max": -1, "step": 1}]}}], "title": "Clip Skip", "properties": {}, "widgets_values": [-2, "fixed"], "color": "#432", "bgcolor": "#653"}, {"id": 109, "type": "ImpactWildcardProcessor", "pos": [-880, 360], "size": {"0": 772.7625122070312, "1": 207.58372497558594}, "flags": {}, "order": 8, "mode": 0, "outputs": [{"name": "STRING", "type": "STRING", "links": [425], "shape": 3, "slot_index": 0}], "properties": {"Node name for S&R": "ImpactWildcardProcessor"}, "widgets_values": ["", "", "Populate"], "color": "#232", "bgcolor": "#353"}, {"id": 178, "type": "ttN pipeKSamplerAdvanced", "pos": [880, 200], "size": {"0": 447.5475158691406, "1": 911.1517333984375}, "flags": {}, "order": 27, "mode": 0, "inputs": [{"name": "pipe", "type": "PIPE_LINE", "link": 436}, {"name": "optional_model", "type": "MODEL", "link": null}, {"name": "optional_positive", "type": "CONDITIONING", "link": null}, {"name": "optional_negative", "type": "CONDITIONING", "link": null}, {"name": "optional_latent", "type": "LATENT", "link": 437}, {"name": "optional_vae", "type": "VAE", "link": null}, {"name": "optional_clip", "type": "CLIP", "link": null}, {"name": "xyPlot", "type": "XYPLOT", "link": null}, {"name": "noise_seed", "type": "INT", "link": null, "widget": {"name": "noise_seed", "config": ["INT", {"default": 0, "min": 0, "max": 18446744073709552000}]}}, {"name": "steps", "type": "INT", "link": 487, "widget": {"name": "steps", "config": ["INT", {"default": 20, "min": 1, "max": 10000}]}}, {"name": "start_at_step", "type": "INT", "link": 494, "widget": {"name": "start_at_step", "config": ["INT", {"default": 0, "min": 0, "max": 10000}]}}], "outputs": [{"name": "pipe", "type": "PIPE_LINE", "links": null, "shape": 3}, {"name": "model", "type": "MODEL", "links": null, "shape": 3}, {"name": "positive", "type": "CONDITIONING", "links": null, "shape": 3}, {"name": "negative", "type": "CONDITIONING", "links": null, "shape": 3}, {"name": "latent", "type": "LATENT", "links": [508], "shape": 3, "slot_index": 4}, {"name": "vae", "type": "VAE", "links": null, "shape": 3}, {"name": "clip", "type": "CLIP", "links": null, "shape": 3}, {"name": "image", "type": "IMAGE", "links": [454, 488], "shape": 3, "slot_index": 7}, {"name": "seed", "type": "INT", "links": [464], "shape": 3, "slot_index": 8}], "title": "pipeKSamplerAdvanced - Refiner", "properties": {"Node name for S&R": "ttN pipeKSamplerAdvanced", "ttNbgOverride": {"color": "#222", "bgcolor": "#000", "groupcolor": "#444"}, "ttNnodeVersion": "1.0.3"}, "widgets_values": ["None", 1, 1, "None", 2, "disabled", "Sample", "disable", 35, 11, "dpmpp_2m", "karras", 25, 60, "disable", "Preview", "Comfy", 1116177665343231, "randomize"], "color": "#223", "bgcolor": "#335"}, {"id": 170, "type": "Get latent size", "pos": [1440, 1120], "size": {"0": 315, "1": 98}, "flags": {"collapsed": true}, "order": 32, "mode": 0, "inputs": [{"name": "latent", "type": "LATENT", "link": 510, "slot_index": 0}], "outputs": [{"name": "INT", "type": "INT", "links": [402], "shape": 3}, {"name": "INT", "type": "INT", "links": [403], "shape": 3}, {"name": "TUPLE", "type": "TUPLE", "links": null, "shape": 3}], "properties": {"Node name for S&R": "Get latent size", "ttNbgOverride": {"color": "#222", "bgcolor": "#000", "groupcolor": "#444"}}, "widgets_values": [false], "color": "#222", "bgcolor": "#000"}, {"id": 78, "type": "Text box", "pos": [2000, 950], "size": {"0": 210, "1": 83.5162582397461}, "flags": {}, "order": 9, "mode": 0, "outputs": [{"name": "STRING", "type": "STRING", "links": null, "shape": 3}], "title": "Face Detailer", "properties": {"Node name for S&R": "Text box"}, "widgets_values": ["Connect these to enable the face masking and detailing."], "color": "#222", "bgcolor": "#000"}, {"id": 220, "type": "Reroute", "pos": [1238.5800390625, 1278.299536132813], "size": [75, 26], "flags": {}, "order": 31, "mode": 0, "inputs": [{"name": "", "type": "*", "link": 511, "pos": [37.5, 0]}], "outputs": [{"name": "", "type": "LATENT", "links": [510], "slot_index": 0}], "properties": {"showOutputText": false, "horizontal": true}, "color": "#223", "bgcolor": "#335"}, {"id": 222, "type": "Text box", "pos": [1170, 1390], "size": [210, 121.4738825017755], "flags": {}, "order": 10, "mode": 0, "outputs": [{"name": "STRING", "type": "STRING", "links": null, "shape": 3}], "title": "Upscaler", "properties": {"Node name for S&R": "Text box"}, "widgets_values": ["Connect these to enable the upscaler.\nThis must be enabled to use the face detailer stage."], "color": "#222", "bgcolor": "#000"}, {"id": 174, "type": "SDXLPromptStyler", "pos": [-654.563921386719, 609.3740117187498], "size": {"0": 544.3883666992188, "1": 203.12124633789062}, "flags": {"collapsed": false}, "order": 14, "mode": 0, "inputs": [{"name": "text_positive", "type": "STRING", "link": 425, "widget": {"name": "text_positive", "config": ["STRING", {"default": "", "multiline": true}]}}], "outputs": [{"name": "positive_prompt_text_g", "type": "STRING", "links": [438, 440, 456], "shape": 3, "slot_index": 0}, {"name": "negative_prompt_text_g", "type": "STRING", "links": [439, 441, 461], "shape": 3, "slot_index": 1}], "properties": {"Node name for S&R": "SDXLPromptStyler"}, "widgets_values": ["", "a featureless colourless shader", "sai-cinematic", "No"], "color": "#322", "bgcolor": "#533"}, {"id": 32, "type": "PrimitiveNode", "pos": [-879.563921386719, 613.3740117187498], "size": {"0": 210, "1": 82}, "flags": {}, "order": 11, "mode": 0, "outputs": [{"name": "INT", "type": "INT", "links": [442, 443], "widget": {"name": "seed", "config": ["INT", {"default": 0, "min": 0, "max": 18446744073709552000}]}, "slot_index": 0}], "title": "seed", "properties": {}, "widgets_values": [34494, "increment"], "color": "#432", "bgcolor": "#653"}, {"id": 221, "type": "Reroute", "pos": [1238.5800390625, 1188.299536132813], "size": [75, 26], "flags": {}, "order": 29, "mode": 0, "inputs": [{"name": "", "type": "*", "link": 508, "slot_index": 0, "pos": [37.5, 0]}], "outputs": [{"name": "", "type": "LATENT", "links": [511], "slot_index": 0}], "properties": {"showOutputText": false, "horizontal": true}, "color": "#322", "bgcolor": "#533"}, {"id": 80, "type": "Reroute", "pos": [2000, 870], "size": [75, 26], "flags": {}, "order": 37, "mode": 0, "inputs": [{"name": "", "type": "*", "link": 503}], "outputs": [{"name": "", "type": "LATENT", "links": [512], "slot_index": 0}], "properties": {"showOutputText": false, "horizontal": false}, "color": "#322", "bgcolor": "#533"}, {"id": 58, "type": "Reroute", "pos": [2130, 870], "size": [75, 26], "flags": {}, "order": 38, "mode": 0, "inputs": [{"name": "", "type": "*", "link": 512}], "outputs": [{"name": "", "type": "LATENT", "links": [504], "slot_index": 0}], "properties": {"showOutputText": false, "horizontal": false}, "color": "#223", "bgcolor": "#335"}, {"id": 162, "type": "Empty Latent Ratio Select SDXL", "pos": [-429, 872], "size": {"0": 315, "1": 82}, "flags": {}, "order": 12, "mode": 0, "outputs": [{"name": "LATENT", "type": "LATENT", "links": [450], "shape": 3, "slot_index": 0}], "title": "SDXL Image Ratio select", "properties": {"Node name for S&R": "Empty Latent Ratio Select SDXL"}, "widgets_values": ["1:1 [1024x1024 square]", 1], "color": "#432", "bgcolor": "#653"}], "links": [[19, 14, 1, 16, 0, "CLIP"], [20, 14, 1, 17, 0, "CLIP"], [67, 14, 2, 42, 4, "VAE"], [68, 14, 0, 42, 1, "MODEL"], [71, 39, 0, 42, 5, "UPSCALE_MODEL"], [329, 17, 0, 42, 3, "CONDITIONING"], [339, 42, 0, 57, 0, "IMAGE"], [372, 16, 0, 42, 2, "CONDITIONING"], [375, 42, 0, 159, 0, "IMAGE"], [402, 170, 0, 42, 7, "INT"], [403, 170, 1, 42, 8, "INT"], [425, 109, 0, 174, 0, "STRING"], [435, 175, 0, 176, 0, "PIPE_LINE"], [436, 177, 0, 178, 0, "PIPE_LINE"], [437, 176, 4, 178, 4, "LATENT"], [438, 174, 0, 177, 0, "STRING"], [439, 174, 1, 177, 1, "STRING"], [440, 174, 0, 175, 0, "STRING"], [441, 174, 1, 175, 1, "STRING"], [442, 32, 0, 177, 2, "INT"], [443, 32, 0, 175, 2, "INT"], [448, 179, 0, 176, 4, "LATENT"], [450, 162, 0, 180, 0, "*"], [451, 180, 0, 179, 0, "*"], [454, 178, 7, 42, 0, "IMAGE"], [456, 174, 0, 182, 0, "*"], [457, 182, 0, 183, 0, "*"], [458, 183, 0, 16, 1, "STRING"], [459, 183, 0, 184, 0, "*"], [461, 174, 1, 185, 0, "*"], [462, 185, 0, 186, 0, "*"], [463, 186, 0, 17, 1, "STRING"], [464, 178, 8, 42, 6, "INT"], [465, 196, 0, 188, 0, "IMAGE"], [466, 193, 1, 189, 0, "CLIP"], [467, 196, 3, 190, 0, "MASK"], [468, 190, 0, 191, 0, "IMAGE"], [469, 193, 1, 192, 0, "CLIP"], [471, 196, 0, 195, 0, "IMAGE"], [472, 198, 0, 196, 0, "IMAGE"], [473, 193, 0, 196, 1, "MODEL"], [474, 193, 1, 196, 2, "CLIP"], [475, 193, 2, 196, 3, "VAE"], [476, 192, 0, 196, 4, "CONDITIONING"], [477, 189, 0, 196, 5, "CONDITIONING"], [478, 194, 0, 196, 6, "BBOX_DETECTOR"], [479, 187, 0, 196, 7, "SAM_MODEL"], [481, 197, 0, 198, 0, "LATENT"], [482, 193, 2, 198, 1, "VAE"], [483, 184, 0, 192, 1, "STRING"], [486, 199, 0, 176, 9, "INT"], [487, 199, 0, 178, 9, "INT"], [488, 178, 7, 204, 0, "IMAGE"], [489, 42, 0, 205, 0, "IMAGE"], [490, 14, 2, 205, 1, "VAE"], [493, 206, 0, 176, 10, "INT"], [494, 206, 0, 178, 10, "INT"], [495, 207, 0, 175, 3, "INT"], [496, 207, 0, 177, 3, "INT"], [503, 205, 0, 80, 0, "*"], [504, 58, 0, 197, 0, "LATENT"], [508, 178, 4, 221, 0, "*"], [510, 220, 0, 170, 0, "LATENT"], [511, 221, 0, 220, 0, "*"], [512, 80, 0, 58, 0, "*"]], "groups": [{"title": "SDXL-REFINER", "bounding": [866, 125, 477, 1003], "color": "#88A", "locked": false}, {"title": "GLOBAL PARAMETERS", "bounding": [-895, 276, 796, 697], "color": "#b58b2a", "locked": false}, {"title": "SDXL-BASE", "bounding": [483, 530, 353, 600], "color": "#a1309b", "locked": false}, {"title": "Ultimate SD Upscaler", "bounding": [1393, -10, 397, 1141], "color": "#3f789e", "locked": false}, {"title": "Face Detailer Switch", "bounding": [1984, 813, 244, 247], "color": "#A88", "locked": false}, {"title": "Detailer", "bounding": [2446, 80, 1708, 1022], "color": "#8AA", "locked": false}, {"title": "Upscale Switch", "bounding": [1185, 1145, 175, 200], "color": "#3f789e", "locked": false}], "config": {}, "extra": {}, "version": 0.4}